CI_ID,Data_Year,year,treatment,CI_Start_Year,CI_End_Year,forest_loss_ha,Emissions_MgCO2e,n_pixels
BOL1001,2024,2019,FALSE,2019,2099,-1379.852955068184,26689.878183888766,993
BOL1001,2024,2019,TRUE,2019,2099,-9590.525620439983,221735.1202325784,993
BOL1001,2024,2020,FALSE,2019,2099,-3462.1969973772566,78399.53707947618,993
BOL1001,2024,2020,TRUE,2019,2099,-9656.257149900031,237505.06135805856,993
BOL1001,2024,2021,FALSE,2019,2099,-101.05934668534638,565.0922448486964,993
BOL1001,2024,2021,TRUE,2019,2099,-10045.184244577458,221258.09891953404,993
BOL1001,2024,2022,FALSE,2019,2099,-5880.974523083263,157808.8749028339,993
BOL1001,2024,2022,TRUE,2019,2099,-6854.049760335328,175178.4562768779,993
BOL1001,2024,2023,FALSE,2019,2099,-6368.388688415881,179601.26706438555,993
BOL1001,2024,2023,TRUE,2019,2099,-12897.143291198654,297589.9704471803,993
BOL1051,2024,2021,FALSE,2021,2099,-174.1840785435268,5192.17257212821,35
BOL1051,2024,2021,TRUE,2021,2099,0,0,35
BOL1051,2024,2022,FALSE,2021,2099,-10042.726413835797,343821.01890926843,35
BOL1051,2024,2022,TRUE,2021,2099,0,0,35
BOL1051,2024,2023,FALSE,2021,2099,-5481.917175292969,160069.2259651608,35
BOL1051,2024,2023,TRUE,2021,2099,0,0,35
BOL1054,2024,2000,FALSE,1992,2099,0,0,55
BOL1054,2024,2000,TRUE,1992,2099,0,0,55
BOL1054,2024,2001,FALSE,1992,2099,-91.34965724854673,3440.773230825868,55
BOL1054,2024,2001,TRUE,1992,2099,-836.0316201521888,29533.297707650596,55
BOL1054,2024,2002,FALSE,1992,2099,-20.439765532434837,516.2168817582582,55
BOL1054,2024,2002,TRUE,1992,2099,-152.8464569525696,4101.23835697427,55
BOL1054,2024,2003,FALSE,1992,2099,-17.987000524150254,388.2312512839462,55
BOL1054,2024,2003,TRUE,1992,2099,-132.40663429007148,3525.097305301828,55
BOL1054,2024,2004,FALSE,1992,2099,-95.15589058681688,2403.2113793922354,55
BOL1054,2024,2004,TRUE,1992,2099,-516.0401225880989,18318.108378914454,55
BOL1054,2024,2005,FALSE,1992,2099,-1895.1691917672542,56071.56630063934,55
BOL1054,2024,2005,TRUE,1992,2099,-541.6924922274187,19002.38340259324,55
BOL1054,2024,2006,FALSE,1992,2099,0,0,55
BOL1054,2024,2006,TRUE,1992,2099,-320.6838853664308,11893.318470805265,55
BOL1054,2024,2007,FALSE,1992,2099,-2205.8516740120986,60482.12023059602,55
BOL1054,2024,2007,TRUE,1992,2099,0,0,55
BOL1054,2024,2008,FALSE,1992,2099,-243.25369667667914,9143.484950523123,55
BOL1054,2024,2008,TRUE,1992,2099,0,0,55
BOL1054,2024,2009,FALSE,1992,2099,-90.3980989139792,3511.9697616817284,55
BOL1054,2024,2009,TRUE,1992,2099,-1137.6612439991738,29343.186807694827,55
BOL1054,2024,2010,FALSE,1992,2099,-1162.1447325430777,36818.32534096237,55
BOL1054,2024,2010,TRUE,1992,2099,-1232.817106020959,46611.40279124105,55
BOL1054,2024,2011,FALSE,1992,2099,-2625.455244593146,98149.56067849066,55
BOL1054,2024,2011,TRUE,1992,2099,0,0,55
BOL1054,2024,2012,FALSE,1992,2099,-2090.2760312681517,79244.74888017427,55
BOL1054,2024,2012,TRUE,1992,2099,0,0,55
BOL1054,2024,2013,FALSE,1992,2099,-734.9734870404429,32332.49098014775,55
BOL1054,2024,2013,TRUE,1992,2099,-73.89807967778066,1862.9393185248766,55
BOL1054,2024,2014,FALSE,1992,2099,-521.2526695649207,20536.02598655048,55
BOL1054,2024,2014,TRUE,1992,2099,-300.2073423557372,9007.159987579955,55
BOL1054,2024,2015,FALSE,1992,2099,-401.3645318560126,16275.677147547141,55
BOL1054,2024,2015,TRUE,1992,2099,-132.40663429007148,5408.231198028207,55
BOL1054,2024,2016,FALSE,1992,2099,0,0,55
BOL1054,2024,2016,TRUE,1992,2099,-1158.1010523791563,42011.790284858194,55
BOL1054,2024,2017,FALSE,1992,2099,-425.6886846533319,9253.788182808465,55
BOL1054,2024,2017,TRUE,1992,2099,0,0,55
BOL1054,2024,2018,FALSE,1992,2099,0,0,55
BOL1054,2024,2018,TRUE,1992,2099,-1818.1461618974877,65253.22961162485,55
BOL1054,2024,2019,FALSE,1992,2099,-236.53575467837368,7815.735700775548,55
BOL1054,2024,2019,TRUE,1992,2099,-95.15588344555896,3685.978416676523,55
BOL1054,2024,2020,FALSE,1992,2099,-144.6369097018129,3405.332058648745,55
BOL1054,2024,2020,TRUE,1992,2099,-103.55686639722491,3661.779940851567,55
BOL1054,2024,2021,FALSE,1992,2099,-115.61158826565857,4051.1656717787887,55
BOL1054,2024,2021,TRUE,1992,2099,-3433.423468964925,92954.11839719632,55
BOL1054,2024,2022,FALSE,1992,2099,-20.43982266249815,816.153942984484,55
BOL1054,2024,2022,TRUE,1992,2099,-521.2526552824048,18479.55338560287,55
BOL1054,2024,2023,FALSE,1992,2099,0,0,55
BOL1054,2024,2023,TRUE,1992,2099,-20.43982266249815,847.2848148906047,55
BOL1071,2024,2000,FALSE,1994,2099,0,0,1000
BOL1071,2024,2000,TRUE,1994,2099,0,0,1000
BOL1071,2024,2001,FALSE,1994,2099,-4106.527068580627,111397.25182517465,1000
BOL1071,2024,2001,TRUE,1994,2099,-1117.359888153076,33246.85482919678,1000
BOL1071,2024,2002,FALSE,1994,2099,-1283.343701774597,37323.621684844904,1000
BOL1071,2024,2002,TRUE,1994,2099,-2268.145508972168,58175.6964120111,1000
BOL1071,2024,2003,FALSE,1994,2099,-516.0411621322631,13417.716908044615,1000
BOL1071,2024,2003,TRUE,1994,2099,-1037.939651172638,27300.249111226203,1000
BOL1071,2024,2004,FALSE,1994,2099,-1242.2466657714842,37315.6704118251,1000
BOL1071,2024,2004,TRUE,1994,2099,-1265.91123072052,39800.67072419928,1000
BOL1071,2024,2005,FALSE,1994,2099,-3551.450791442871,104256.39249545512,1000
BOL1071,2024,2005,TRUE,1994,2099,-3689.1393280534744,104435.39299533788,1000
BOL1071,2024,2006,FALSE,1994,2099,-5530.780534443855,161733.55798694154,1000
BOL1071,2024,2006,TRUE,1994,2099,-3810.1016244506836,108375.57014377555,1000
BOL1071,2024,2007,FALSE,1994,2099,-4266.134498428344,130298.74943485069,1000
BOL1071,2024,2007,TRUE,1994,2099,-1615.6818304824828,45844.12192784445,1000
BOL1071,2024,2008,FALSE,1994,2099,-2180.2472936525346,59043.69985623995,1000
BOL1071,2024,2008,TRUE,1994,2099,-567.6907374687195,16326.752134168237,1000
BOL1071,2024,2009,FALSE,1994,2099,-4250.920969911575,111540.03614652569,1000
BOL1071,2024,2009,TRUE,1994,2099,-3230.781319284439,88382.2344875331,1000
BOL1071,2024,2010,FALSE,1994,2099,-2869.2383285751343,76413.51414066066,1000
BOL1071,2024,2010,TRUE,1994,2099,-1456.064492348671,37678.25600823188,1000
BOL1071,2024,2011,FALSE,1994,2099,-4881.4789542560575,140508.12888647596,1000
BOL1071,2024,2011,TRUE,1994,2099,-7770.235373524189,196088.251412924,1000
BOL1071,2024,2012,FALSE,1994,2099,-5771.886090648651,146003.98185604435,1000
BOL1071,2024,2012,TRUE,1994,2099,-5542.4249454975125,159163.54829293536,1000
BOL1071,2024,2013,FALSE,1994,2099,-2518.493141298294,61676.06611361511,1000
BOL1071,2024,2013,TRUE,1994,2099,-1272.8245051932333,30264.833701108728,1000
BOL1071,2024,2014,FALSE,1994,2099,-28297.221592483518,800127.5039708617,1000
BOL1071,2024,2014,TRUE,1994,2099,-84665.69988574219,2261543.612955096,1000
BOL1071,2024,2015,FALSE,1994,2099,-3433.1563917446133,92390.1655773239,1000
BOL1071,2024,2015,TRUE,1994,2099,-2786.2837541913987,78154.53855023423,1000
BOL1071,2024,2016,FALSE,1994,2099,-2375.000288789749,46874.71515826593,1000
BOL1071,2024,2016,TRUE,1994,2099,-1733.7341800260542,46266.45488948404,1000
BOL1071,2024,2017,FALSE,1994,2099,-5490.402618935108,149377.54175878817,1000
BOL1071,2024,2017,TRUE,1994,2099,-6955.20246963787,185733.60862592518,1000
BOL1071,2024,2018,FALSE,1994,2099,-2431.542473659515,55243.44860906033,1000
BOL1071,2024,2018,TRUE,1994,2099,-943.3133281345367,15667.400520136536,1000
BOL1071,2024,2019,FALSE,1994,2099,-3974.0662984042165,78091.36159082357,1000
BOL1071,2024,2019,TRUE,1994,2099,-2774.7326488695144,72430.31285479471,1000
BOL1071,2024,2020,FALSE,1994,2099,-8010.7456414604185,164245.76751339016,1000
BOL1071,2024,2020,TRUE,1994,2099,-2125.0837861862183,58783.89897375689,1000
BOL1071,2024,2021,FALSE,1994,2099,-3973.457442109108,107685.08457511144,1000
BOL1071,2024,2021,TRUE,1994,2099,-5770.975659044266,151310.75859060726,1000
BOL1071,2024,2022,FALSE,1994,2099,-3017.602332627296,65990.82551973432,1000
BOL1071,2024,2022,TRUE,1994,2099,-2514.2612840108873,65873.78528206398,1000
BOL1071,2024,2023,FALSE,1994,2099,-7264.0418672361375,125879.87120684983,1000
BOL1071,2024,2023,TRUE,1994,2099,-3463.0136269626614,80649.11371619612,1000
BOL1072,2024,2020,FALSE,2020,2099,0,0,25
BOL1072,2024,2020,TRUE,2020,2099,0,0,25
BOL1072,2024,2021,FALSE,2020,2099,-1855.8839809417723,22233.4472,25
BOL1072,2024,2021,TRUE,2020,2099,-346.86263183593746,31922.71782725217,25
BOL1072,2024,2022,FALSE,2020,2099,0,0,25
BOL1072,2024,2022,TRUE,2020,2099,0,0,25
BOL1072,2024,2023,FALSE,2020,2099,0,0,25
BOL1072,2024,2023,TRUE,2020,2099,0,0,25
BOL1073,2024,2021,FALSE,2021,2099,-14440.494455855634,523221.83239191945,4000
BOL1073,2024,2021,TRUE,2021,2099,-9164.386519273854,339473.40293903445,4000
BOL1073,2024,2022,FALSE,2021,2099,-15631.200233125805,498825.7327566071,4000
BOL1073,2024,2022,TRUE,2021,2099,-14283.797814904266,367399.91222157964,4000
BOL1073,2024,2023,FALSE,2021,2099,-129737.2551131898,2033331.2611449615,4000
BOL1073,2024,2023,TRUE,2021,2099,-61075.810736169704,1118030.2860689354,4000
BOL1078,2024,2000,FALSE,1999,2099,0,0,572
BOL1078,2024,2000,TRUE,1999,2099,0,0,572
BOL1078,2024,2001,FALSE,1999,2099,-8599.674251156253,243584.48395828862,572
BOL1078,2024,2001,TRUE,1999,2099,-3333.7394341955655,77782.97517612502,572
BOL1078,2024,2002,FALSE,1999,2099,-4563.873434506931,100364.35914622441,572
BOL1078,2024,2002,TRUE,1999,2099,-5094.102906233781,140412.3471639569,572
BOL1078,2024,2003,FALSE,1999,2099,-2652.9601799491406,48634.925833886584,572
BOL1078,2024,2003,TRUE,1999,2099,-1900.7031676819277,54690.530101062854,572
BOL1078,2024,2004,FALSE,1999,2099,-2649.8955881612287,74607.06153669258,572
BOL1078,2024,2004,TRUE,1999,2099,-2840.0106813657535,64025.69814477293,572
BOL1078,2024,2005,FALSE,1999,2099,-9775.519638061525,260846.88580998927,572
BOL1078,2024,2005,TRUE,1999,2099,-4261.3894614906585,92598.5332868306,572
BOL1078,2024,2006,FALSE,1999,2099,-13209.406071509517,259297.17432974957,572
BOL1078,2024,2006,TRUE,1999,2099,-9891.054170835268,267619.8999908643,572
BOL1078,2024,2007,FALSE,1999,2099,-16247.1396550532,502201.2830814628,572
BOL1078,2024,2007,TRUE,1999,2099,-11303.44315893,291378.33421685733,572
BOL1078,2024,2008,FALSE,1999,2099,-5757.401926734231,122631.89980093452,572
BOL1078,2024,2008,TRUE,1999,2099,-4996.8770538543495,144804.9469208899,572
BOL1078,2024,2009,FALSE,1999,2099,-10221.228230843179,215973.4843423625,572
BOL1078,2024,2009,TRUE,1999,2099,-3928.1673088207117,96353.66131475013,572
BOL1078,2024,2010,FALSE,1999,2099,-6865.5604231374255,144821.5114012772,572
BOL1078,2024,2010,TRUE,1999,2099,-12636.630916968927,271549.5783066873,572
BOL1078,2024,2011,FALSE,1999,2099,-10416.981892258971,294305.32320771023,572
BOL1078,2024,2011,TRUE,1999,2099,-23777.37770216615,591595.0957479908,572
BOL1078,2024,2012,FALSE,1999,2099,-17220.014237517244,427940.98396780685,572
BOL1078,2024,2012,TRUE,1999,2099,-12072.22589063311,301164.2680558156,572
BOL1078,2024,2013,FALSE,1999,2099,-6142.960797076459,133382.50876530405,572
BOL1078,2024,2013,TRUE,1999,2099,-1095.144496677639,18726.02499759319,572
BOL1078,2024,2014,FALSE,1999,2099,-64676.51776015009,1757946.014149372,572
BOL1078,2024,2014,TRUE,1999,2099,-200380.73505205545,4761006.690314276,572
BOL1078,2024,2015,FALSE,1999,2099,-7301.244689221149,195128.90652572637,572
BOL1078,2024,2015,TRUE,1999,2099,-11865.79800170952,274798.90172676987,572
BOL1078,2024,2016,FALSE,1999,2099,-6219.001485837924,77604.18614344117,572
BOL1078,2024,2016,TRUE,1999,2099,-5343.338903093672,96642.88377117671,572
BOL1078,2024,2017,FALSE,1999,2099,-12620.95083815568,298565.0505824406,572
BOL1078,2024,2017,TRUE,1999,2099,-12116.465084249325,281832.47128897836,572
BOL1078,2024,2018,FALSE,1999,2099,-8730.907839154865,192123.29888628557,572
BOL1078,2024,2018,TRUE,1999,2099,-2715.7210099013537,58488.07247439514,572
BOL1078,2024,2019,FALSE,1999,2099,-7526.3322859010505,123775.70145892503,572
BOL1078,2024,2019,TRUE,1999,2099,-11818.894756150414,198581.0820728223,572
BOL1078,2024,2020,FALSE,1999,2099,-11840.375970520341,194918.51981637487,572
BOL1078,2024,2020,TRUE,1999,2099,-7267.367157122472,102660.2750134826,572
BOL1078,2024,2021,FALSE,1999,2099,-8095.204337780293,156756.01267583357,572
BOL1078,2024,2021,TRUE,1999,2099,-8178.840169133007,164942.72916394437,572
BOL1078,2024,2022,FALSE,1999,2099,-7344.078149055268,140221.38602488136,572
BOL1078,2024,2022,TRUE,1999,2099,-3799.2433205051025,82294.23591699247,572
BOL1078,2024,2023,FALSE,1999,2099,-16613.040381858402,294505.88498993736,572
BOL1078,2024,2023,TRUE,1999,2099,-6461.4822839790295,109847.61623195742,572
BOL1080,2024,2000,FALSE,1995,2023,0,0,2040
BOL1080,2024,2000,TRUE,1995,2023,0,0,2040
BOL1080,2024,2001,FALSE,1995,2023,-4746.801074551133,114948.62251003076,2040
BOL1080,2024,2001,TRUE,1995,2023,-3819.0626766204828,85245.10145547912,2040
BOL1080,2024,2002,FALSE,1995,2023,-1840.5255643437888,35495.333661875135,2040
BOL1080,2024,2002,TRUE,1995,2023,-2779.370421573695,62472.31956577641,2040
BOL1080,2024,2003,FALSE,1995,2023,-2659.731129734656,60618.16207309135,2040
BOL1080,2024,2003,TRUE,1995,2023,-5489.412846667976,127590.14498825194,2040
BOL1080,2024,2004,FALSE,1995,2023,-3264.7657191486915,87000.3781137041,2040
BOL1080,2024,2004,TRUE,1995,2023,-3692.4100690771547,101715.33305330398,2040
BOL1080,2024,2005,FALSE,1995,2023,-3514.7205836169856,85494.21447856499,2040
BOL1080,2024,2005,TRUE,1995,2023,-4849.500570053212,101935.28356509787,2040
BOL1080,2024,2006,FALSE,1995,2023,-8857.568323788922,220862.74267998122,2040
BOL1080,2024,2006,TRUE,1995,2023,-6531.670585964707,134648.5773999987,2040
BOL1080,2024,2007,FALSE,1995,2023,-4731.790417131255,119653.00746513258,2040
BOL1080,2024,2007,TRUE,1995,2023,-5059.96860761993,113411.39551370806,2040
BOL1080,2024,2008,FALSE,1995,2023,-2111.3966632113734,52309.58368386921,2040
BOL1080,2024,2008,TRUE,1995,2023,-2370.529673780413,64574.55236232742,2040
BOL1080,2024,2009,FALSE,1995,2023,-5475.659536552428,134673.95976023027,2040
BOL1080,2024,2009,TRUE,1995,2023,-5485.079752833351,95137.94358816574,2040
BOL1080,2024,2010,FALSE,1995,2023,-7481.471672886609,170036.22658551976,2040
BOL1080,2024,2010,TRUE,1995,2023,-7425.69909824799,131604.56330531265,2040
BOL1080,2024,2011,FALSE,1995,2023,-6271.42933189939,160063.0606381511,2040
BOL1080,2024,2011,TRUE,1995,2023,-10703.613379080505,249019.9794671256,2040
BOL1080,2024,2012,FALSE,1995,2023,-15808.819943946948,427557.1070281766,2040
BOL1080,2024,2012,TRUE,1995,2023,-10021.858997799718,232200.22538878897,2040
BOL1080,2024,2013,FALSE,1995,2023,-5408.198062992095,116711.75064758494,2040
BOL1080,2024,2013,TRUE,1995,2023,-4625.853482808786,104706.24323336272,2040
BOL1080,2024,2014,FALSE,1995,2023,-63738.20409094585,1656221.421524017,2040
BOL1080,2024,2014,TRUE,1995,2023,-135513.61701746582,3037435.6482598786,2040
BOL1080,2024,2015,FALSE,1995,2023,-3922.0503732418306,101307.42377353908,2040
BOL1080,2024,2015,TRUE,1995,2023,-15283.349306195973,365682.8187397875,2040
BOL1080,2024,2016,FALSE,1995,2023,-7068.238552415721,155577.55505266442,2040
BOL1080,2024,2016,TRUE,1995,2023,-3290.296695416464,54075.91575763114,2040
BOL1080,2024,2017,FALSE,1995,2023,-13247.974367303706,303828.6563291092,2040
BOL1080,2024,2017,TRUE,1995,2023,-13788.034170902474,311683.73153520026,2040
BOL1080,2024,2018,FALSE,1995,2023,-6107.579511713279,132762.2817090522,2040
BOL1080,2024,2018,TRUE,1995,2023,-3602.6020063964756,68885.06429959075,2040
BOL1080,2024,2019,FALSE,1995,2023,-13262.806201008836,315460.94087745395,2040
BOL1080,2024,2019,TRUE,1995,2023,-5838.099100285066,100713.85155737594,2040
BOL1080,2024,2020,FALSE,1995,2023,-9903.244940893088,180117.96543544452,2040
BOL1080,2024,2020,TRUE,1995,2023,-3646.2898906592054,58887.93490366069,2040
BOL1080,2024,2021,FALSE,1995,2023,-9827.091243693758,236178.05781313367,2040
BOL1080,2024,2021,TRUE,1995,2023,-9520.24672510694,182812.61845515764,2040
BOL1080,2024,2022,FALSE,1995,2023,-7295.317325545057,159317.52049758163,2040
BOL1080,2024,2022,TRUE,1995,2023,-10829.806866976967,178397.11534666736,2040
BOL1080,2024,2023,FALSE,1995,2023,-50078.596404087184,664487.6221074063,2040
BOL1080,2024,2023,TRUE,1995,2023,-22781.148807415364,342640.4950590714,2040
BOL1082,2024,2023,FALSE,2023,2099,-1299.5457827169396,47552.837033141026,738
BOL1082,2024,2023,TRUE,2023,2099,-654.4281808086204,24439.493950960237,738
BOL1084,2024,2023,FALSE,2023,2099,-27.660057067871094,1656.6297999557496,49
BOL1084,2024,2023,TRUE,2023,2099,0,0,49
BOL1092,2024,2023,FALSE,2023,2099,0,0,7
BOL1092,2024,2023,TRUE,2023,2099,0,0,7
BOL1093,2024,2023,FALSE,2023,2099,0,0,14
BOL1093,2024,2023,TRUE,2023,2099,0,0,14
BOL1094,2024,2023,FALSE,2023,2099,0,0,6
BOL1094,2024,2023,TRUE,2023,2099,0,0,6
BOL1103,2024,2022,FALSE,2022,2099,0,0,18
BOL1103,2024,2022,TRUE,2022,2099,0,0,18
BOL1103,2024,2023,FALSE,2022,2099,0,0,18
BOL1103,2024,2023,TRUE,2022,2099,0,0,18
BOL1107,2024,2023,FALSE,2023,2099,0,0,30
BOL1107,2024,2023,TRUE,2023,2099,-21531.21735712687,537688.090547862,30
BOL1124,2024,2023,FALSE,2023,2099,0,0,223
BOL1124,2024,2023,TRUE,2023,2099,0,0,223
BRA1001,2024,2018,FALSE,2018,2099,-4375.0700157249985,160349.2374804824,2676
BRA1001,2024,2018,TRUE,2018,2099,-1516.179572734063,64094.80035715546,2676
BRA1001,2024,2019,FALSE,2018,2099,-2301.660903733764,70970.1428845375,2676
BRA1001,2024,2019,TRUE,2018,2099,-2968.9351566294026,151862.3823893852,2676
BRA1001,2024,2020,FALSE,2018,2099,-3916.587361336467,158935.15850017697,2676
BRA1001,2024,2020,TRUE,2018,2099,-2382.153734115742,116497.34481077331,2676
BRA1001,2024,2021,FALSE,2018,2099,-3230.6334101357265,148789.78074831283,2676
BRA1001,2024,2021,TRUE,2018,2099,-8262.385635729952,331408.34672005853,2676
BRA1001,2024,2022,FALSE,2018,2099,-6519.139023558263,262613.71408316557,2676
BRA1001,2024,2022,TRUE,2018,2099,-5335.297941047871,241243.9816145115,2676
BRA1001,2024,2023,FALSE,2018,2099,-4234.930834811543,157875.24529205414,2676
BRA1001,2024,2023,TRUE,2018,2099,-2279.856305421735,106380.67842181864,2676
BRA1002,2024,2018,FALSE,2018,2099,-200,4583.83,9
BRA1002,2024,2018,TRUE,2018,2099,-208.734787940979,1625.81,9
BRA1002,2024,2019,FALSE,2018,2099,-55.56267166137695,2533.7493776097317,9
BRA1002,2024,2019,TRUE,2018,2099,0,0,9
BRA1002,2024,2020,FALSE,2018,2099,0,0,9
BRA1002,2024,2020,TRUE,2018,2099,0,0,9
BRA1002,2024,2021,FALSE,2018,2099,-156.5958480834961,3747.3637738995008,9
BRA1002,2024,2021,TRUE,2018,2099,0,0,9
BRA1002,2024,2022,FALSE,2018,2099,0,0,9
BRA1002,2024,2022,TRUE,2018,2099,0,0,9
BRA1002,2024,2023,FALSE,2018,2099,0,0,9
BRA1002,2024,2023,TRUE,2018,2099,0,0,9
BRA1004,2024,2018,FALSE,2018,2099,-2269.496609500408,62311.50033549999,1000
BRA1004,2024,2018,TRUE,2018,2099,-1896.7243930697439,50644.95707524235,1000
BRA1004,2024,2019,FALSE,2018,2099,-4296.6339479923245,70529.9764465216,1000
BRA1004,2024,2019,TRUE,2018,2099,-10693.167693200587,297311.5546827133,1000
BRA1004,2024,2020,FALSE,2018,2099,-4154.484350075245,48294.895845737454,1000
BRA1004,2024,2020,TRUE,2018,2099,-3181.1768916301726,84828.78765637333,1000
BRA1004,2024,2021,FALSE,2018,2099,-6772.076575896739,123571.91181975967,1000
BRA1004,2024,2021,TRUE,2018,2099,-7462.560868114471,196706.70630283974,1000
BRA1004,2024,2022,FALSE,2018,2099,-4814.606352639198,115733.99904667212,1000
BRA1004,2024,2022,TRUE,2018,2099,-2234.919134372234,80231.76913221521,1000
BRA1004,2024,2023,FALSE,2018,2099,-1612.8584466056823,34077.91262262598,1000
BRA1004,2024,2023,TRUE,2018,2099,-2199.746004538059,78706.08921942176,1000
BRA1006,2024,2018,FALSE,2018,2099,-1336.4070621800422,35741.5602442451,1000
BRA1006,2024,2018,TRUE,2018,2099,-776.3215708792209,28166.809924955407,1000
BRA1006,2024,2019,FALSE,2018,2099,-1217.6398497426508,28739.792163221748,1000
BRA1006,2024,2019,TRUE,2018,2099,-1502.561274949312,42093.509052488545,1000
BRA1006,2024,2020,FALSE,2018,2099,-2187.2562927281856,48450.03754990146,1000
BRA1006,2024,2020,TRUE,2018,2099,-1695.023369066715,45445.42782829523,1000
BRA1006,2024,2021,FALSE,2018,2099,-742.0629042768478,33440.36615702526,1000
BRA1006,2024,2021,TRUE,2018,2099,-971.385483983755,33929.724272085354,1000
BRA1006,2024,2022,FALSE,2018,2099,-1132.2569157791136,27673.767775476506,1000
BRA1006,2024,2022,TRUE,2018,2099,-649.5777819764613,22338.10256572643,1000
BRA1006,2024,2023,FALSE,2018,2099,-846.9085714054107,23779.559625620936,1000
BRA1006,2024,2023,TRUE,2018,2099,-4106.786073360443,109195.50127977392,1000
BRA1007,2024,2018,FALSE,2018,2099,-1216.288469223618,34620.53865200722,865
BRA1007,2024,2018,TRUE,2018,2099,-202.31214355182098,5998.167268825805,865
BRA1007,2024,2019,FALSE,2018,2099,-1123.656747106872,32726.594918711526,865
BRA1007,2024,2019,TRUE,2018,2099,-496.1469567235495,17479.17644204743,865
BRA1007,2024,2020,FALSE,2018,2099,-1577.659753085561,41274.56206518795,865
BRA1007,2024,2020,TRUE,2018,2099,-833.7434425174846,33343.73745499225,865
BRA1007,2024,2021,FALSE,2018,2099,-2192.7822890309244,51651.462063757564,865
BRA1007,2024,2021,TRUE,2018,2099,-1238.5102685476315,51991.88395540268,865
BRA1007,2024,2022,FALSE,2018,2099,-1831.8938022748584,45827.08477529258,865
BRA1007,2024,2022,TRUE,2018,2099,-709.4843548846384,23688.12765338258,865
BRA1007,2024,2023,FALSE,2018,2099,-1451.0813702393132,27276.65187110544,865
BRA1007,2024,2023,TRUE,2018,2099,-539.4301179171987,19686.846977512036,865
BRA1008,2024,2018,FALSE,2018,2099,-281.0223037179779,15839.055194890636,272
BRA1008,2024,2018,TRUE,2018,2099,-492.9292310752413,29129.187290665013,272
BRA1008,2024,2019,FALSE,2018,2099,-608.4068458220538,17508.184882538815,272
BRA1008,2024,2019,TRUE,2018,2099,-210.3798590337529,11666.341097673316,272
BRA1008,2024,2020,FALSE,2018,2099,-654.9906603597543,24379.101534731817,272
BRA1008,2024,2020,TRUE,2018,2099,-186.87656126916409,10656.695035380713,272
BRA1008,2024,2021,FALSE,2018,2099,-793.8866959293099,26986.36106158766,272
BRA1008,2024,2021,TRUE,2018,2099,-1009.2790023237467,33163.22204761634,272
BRA1008,2024,2022,FALSE,2018,2099,-920.8666565466453,34100.25101141171,272
BRA1008,2024,2022,TRUE,2018,2099,-808.2990937373218,32164.648048021183,272
BRA1008,2024,2023,FALSE,2018,2099,-1291.0723543912172,37653.64287726306,272
BRA1008,2024,2023,TRUE,2018,2099,-994.2002484114731,40449.3085216922,272
BRA1011,2024,2018,FALSE,2018,2099,-473.3012383503926,15877.115495342136,1133
BRA1011,2024,2018,TRUE,2018,2099,-1653.9958122233215,72960.85914761077,1133
BRA1011,2024,2019,FALSE,2018,2099,-647.0429925438796,24536.007266267967,1133
BRA1011,2024,2019,TRUE,2018,2099,-816.0317596945212,35253.04347244413,1133
BRA1011,2024,2020,FALSE,2018,2099,-817.8116556362883,33809.47887230076,1133
BRA1011,2024,2020,TRUE,2018,2099,-685.172326383397,23553.15284052556,1133
BRA1011,2024,2021,FALSE,2018,2099,-458.7122325669951,22126.011491826986,1133
BRA1011,2024,2021,TRUE,2018,2099,-1386.8005617874865,48303.031359679866,1133
BRA1011,2024,2022,FALSE,2018,2099,-1708.9527036678653,73634.46042463642,1133
BRA1011,2024,2022,TRUE,2018,2099,-910.3391715622747,42934.696706111405,1133
BRA1011,2024,2023,FALSE,2018,2099,-961.4606695663371,25060.120025743185,1133
BRA1011,2024,2023,TRUE,2018,2099,-2987.29368115229,107418.10009022066,1133
BRA1012,2024,2018,FALSE,2018,2099,-18611.619759357778,819706.9917486599,2230
BRA1012,2024,2018,TRUE,2018,2099,-89631.70890955604,3201067.989405478,2230
BRA1012,2024,2019,FALSE,2018,2099,-28203.363749662323,927558.0696994229,2230
BRA1012,2024,2019,TRUE,2018,2099,-69212.62379952247,2505334.405856195,2230
BRA1012,2024,2020,FALSE,2018,2099,-23916.070012995802,794174.5646582748,2230
BRA1012,2024,2020,TRUE,2018,2099,-80146.4406723078,2990291.629656857,2230
BRA1012,2024,2021,FALSE,2018,2099,-41076.57362580748,1195528.6151704758,2230
BRA1012,2024,2021,TRUE,2018,2099,-84326.59377435419,3009800.306623298,2230
BRA1012,2024,2022,FALSE,2018,2099,-29528.365901825568,975092.3631302365,2230
BRA1012,2024,2022,TRUE,2018,2099,-91862.32609276964,3133537.8419066295,2230
BRA1012,2024,2023,FALSE,2018,2099,-18937.259294351654,594520.8182392286,2230
BRA1012,2024,2023,TRUE,2018,2099,-67835.71666428732,2509796.980177923,2230
BRA1014,2024,2018,FALSE,2018,2099,-13178.288160761196,380131.7689027346,6
BRA1014,2024,2018,TRUE,2018,2099,0,0,6
BRA1014,2024,2019,FALSE,2018,2099,0,0,6
BRA1014,2024,2019,TRUE,2018,2099,0,0,6
BRA1014,2024,2020,FALSE,2018,2099,-8988.425223032633,1067580.0624999998,6
BRA1014,2024,2020,TRUE,2018,2099,-8180.634478727976,410895.8959124567,6
BRA1014,2024,2021,FALSE,2018,2099,-3229.8295776049295,92077.1570291425,6
BRA1014,2024,2021,TRUE,2018,2099,0,0,6
BRA1014,2024,2022,FALSE,2018,2099,-256.6979080438614,8178.782401456214,6
BRA1014,2024,2022,TRUE,2018,2099,0,0,6
BRA1014,2024,2023,FALSE,2018,2099,-3534.404130776723,293362.9791666666,6
BRA1014,2024,2023,TRUE,2018,2099,-6678.751182556152,338984.13738763507,6
BRA1016,2024,2018,FALSE,2018,2099,-172.97370534772892,9777.432597964347,477
BRA1016,2024,2018,TRUE,2018,2099,-203.28549796530282,4363.062278363058,477
BRA1016,2024,2019,FALSE,2018,2099,-725.5504885339636,18433.1112230508,477
BRA1016,2024,2019,TRUE,2018,2099,-238.08288197747314,4946.186719077567,477
BRA1016,2024,2020,FALSE,2018,2099,-2083.1082146137765,88976.20832903263,477
BRA1016,2024,2020,TRUE,2018,2099,-335.3069907484314,15369.096298809241,477
BRA1016,2024,2021,FALSE,2018,2099,-1471.0753449553963,46765.2725335313,477
BRA1016,2024,2021,TRUE,2018,2099,-174.8255289185722,123.25275681341718,477
BRA1016,2024,2022,FALSE,2018,2099,-3193.165324668464,136579.5715705251,477
BRA1016,2024,2022,TRUE,2018,2099,-37.55310634197179,2512.0202757049215,477
BRA1016,2024,2023,FALSE,2018,2099,-1659.069133702564,87780.96053519554,477
BRA1016,2024,2023,TRUE,2018,2099,-211.25690947238752,6052.822456729533,477
BRA1017,2024,2018,FALSE,2018,2099,-2278.0471139674187,73019.10930785454,2000
BRA1017,2024,2018,TRUE,2018,2099,-10205.126580724955,368000.73341136164,2000
BRA1017,2024,2019,FALSE,2018,2099,-2114.6512537418603,79050.78917708623,2000
BRA1017,2024,2019,TRUE,2018,2099,-8421.239433059693,299743.83627922286,2000
BRA1017,2024,2020,FALSE,2018,2099,-6740.028969328166,206513.08580376685,2000
BRA1017,2024,2020,TRUE,2018,2099,-10539.166087237358,393880.82840166904,2000
BRA1017,2024,2021,FALSE,2018,2099,-5111.494731149554,171392.8756648567,2000
BRA1017,2024,2021,TRUE,2018,2099,-9026.787249678255,299244.5963952212,2000
BRA1017,2024,2022,FALSE,2018,2099,-6098.47450244683,182072.05030651033,2000
BRA1017,2024,2022,TRUE,2018,2099,-12995.869330770493,501334.48081326036,2000
BRA1017,2024,2023,FALSE,2018,2099,-2724.3427510449887,77450.40234028928,2000
BRA1017,2024,2023,TRUE,2018,2099,-10754.84981110382,461382.24394069135,2000
BRA1018,2024,2019,FALSE,2019,2024,-28517.04906781769,869570.1087265455,1000
BRA1018,2024,2019,TRUE,2019,2024,-44586.84806033421,478300.52994155756,1000
BRA1018,2024,2020,FALSE,2019,2024,-39161.103805837156,1063299.611344797,1000
BRA1018,2024,2020,TRUE,2019,2024,-105462.38383199001,1152629.9967107647,1000
BRA1018,2024,2021,FALSE,2019,2024,-30600.32210328412,549051.8239826132,1000
BRA1018,2024,2021,TRUE,2019,2024,-43261.42318525171,485450.2568896681,1000
BRA1018,2024,2022,FALSE,2019,2024,-299558.0051328764,1535362.3123014928,1000
BRA1018,2024,2022,TRUE,2019,2024,-121083.22879963303,1283127.2269947957,1000
BRA1018,2024,2023,FALSE,2019,2024,-35738.337655012605,441207.9467958138,1000
BRA1018,2024,2023,TRUE,2019,2024,-27296.060248540878,381997.90937603154,1000
BRA1019,2024,2020,FALSE,2020,2099,-915.176146935463,50645.07431617339,1000
BRA1019,2024,2020,TRUE,2020,2099,-1496.7895379629135,63336.673226629915,1000
BRA1019,2024,2021,FALSE,2020,2099,-3696.880212621927,179336.29285781202,1000
BRA1019,2024,2021,TRUE,2020,2099,-1570.8858576393127,78164.20086227468,1000
BRA1019,2024,2022,FALSE,2020,2099,-2239.442531219959,97285.75170355193,1000
BRA1019,2024,2022,TRUE,2020,2099,-2165.8234602556226,99599.21390584698,1000
BRA1019,2024,2023,FALSE,2020,2099,-865.3422473008633,35846.97675998664,1000
BRA1019,2024,2023,TRUE,2020,2099,-1441.2684341039658,51664.579518404935,1000
BRA1020,2024,2020,FALSE,2020,2024,-813.4254671280854,44927.575782926724,897
BRA1020,2024,2020,TRUE,2020,2024,-1412.274766371168,62129.12173472185,897
BRA1020,2024,2021,FALSE,2020,2024,-1905.4049782365794,92558.0296167266,897
BRA1020,2024,2021,TRUE,2020,2024,-896.3515056444621,51405.47876558431,897
BRA1020,2024,2022,FALSE,2020,2024,-1840.1569605679879,76970.02783831109,897
BRA1020,2024,2022,TRUE,2020,2024,0,0,897
BRA1020,2024,2023,FALSE,2020,2024,-1033.452710838021,53230.25993047476,897
BRA1020,2024,2023,TRUE,2020,2024,-447.54197434084836,19789.33926046817,897
BRA1021,2024,2020,FALSE,2020,2099,-494.26585053514543,4724.159147910499,165
BRA1021,2024,2020,TRUE,2020,2099,-104.19957838235077,2929.1357407407404,165
BRA1021,2024,2021,FALSE,2020,2099,-402.9613907778704,5283.146662246193,165
BRA1021,2024,2021,TRUE,2020,2099,-103.14684245983759,3290.09197438265,165
BRA1021,2024,2022,FALSE,2020,2099,-361.69707705577207,5305.846008133497,165
BRA1021,2024,2022,TRUE,2020,2099,-364.68926250161945,7356.6549973804285,165
BRA1021,2024,2023,FALSE,2020,2099,-504.7645941222155,9470.966659223403,165
BRA1021,2024,2023,TRUE,2020,2099,-16.835928378281768,909.0175930353793,165
BRA1022,2024,2018,FALSE,2018,2099,-2428.4003233165745,63293.217073446605,1000
BRA1022,2024,2018,TRUE,2018,2099,-3093.4164224548344,62402.15693761893,1000
BRA1022,2024,2019,FALSE,2018,2099,-2746.749349928856,46624.19025435586,1000
BRA1022,2024,2019,TRUE,2018,2099,-5672.047454034806,137899.48368906832,1000
BRA1022,2024,2020,FALSE,2018,2099,-3585.415812376976,93397.45711637707,1000
BRA1022,2024,2020,TRUE,2018,2099,-6645.557335865022,200112.85498949408,1000
BRA1022,2024,2021,FALSE,2018,2099,-4352.174706811906,91515.31055201434,1000
BRA1022,2024,2021,TRUE,2018,2099,-5876.240654743196,181353.71328715648,1000
BRA1022,2024,2022,FALSE,2018,2099,-3619.695453835011,119365.12361341878,1000
BRA1022,2024,2022,TRUE,2018,2099,-7739.696959000588,175996.42592331843,1000
BRA1022,2024,2023,FALSE,2018,2099,-1750.7995690078737,43668.83527718592,1000
BRA1022,2024,2023,TRUE,2018,2099,-4544.3045909805305,152665.20946474277,1000
BRA1025,2024,2018,FALSE,2018,2099,-4133.848724837552,155334.7157314577,1055
BRA1025,2024,2018,TRUE,2018,2099,-3128.5572596364677,88820.98342907768,1055
BRA1025,2024,2019,FALSE,2018,2099,-4648.217470892233,112867.76009538682,1055
BRA1025,2024,2019,TRUE,2018,2099,-175.81288316916516,5957.409635706244,1055
BRA1025,2024,2020,FALSE,2018,2099,-4369.3906487356435,121343.19903216446,1055
BRA1025,2024,2020,TRUE,2018,2099,-3971.539552953006,163781.49907899107,1055
BRA1025,2024,2021,FALSE,2018,2099,-5914.00448993145,231472.64656116674,1055
BRA1025,2024,2021,TRUE,2018,2099,-3110.6004501089665,102273.11245866325,1055
BRA1025,2024,2022,FALSE,2018,2099,-7974.531802882516,268798.3794532558,1055
BRA1025,2024,2022,TRUE,2018,2099,-679.327464641553,25852.693256425693,1055
BRA1025,2024,2023,FALSE,2018,2099,-6265.264401312688,286511.37072055676,1055
BRA1025,2024,2023,TRUE,2018,2099,-961.197124359167,65139.466053039105,1055
BRA1027,2024,2018,FALSE,2018,2099,-3512.353296085357,140417.5267660292,1000
BRA1027,2024,2018,TRUE,2018,2099,-5313.584972036361,223727.76211522875,1000
BRA1027,2024,2019,FALSE,2018,2099,-1039.3399917640684,42305.19581640304,1000
BRA1027,2024,2019,TRUE,2018,2099,-2580.212031456351,129213.17413718076,1000
BRA1027,2024,2020,FALSE,2018,2099,-2347.4890095551013,67673.07130651695,1000
BRA1027,2024,2020,TRUE,2018,2099,-3671.6094659612177,155335.78599921282,1000
BRA1027,2024,2021,FALSE,2018,2099,-1926.1916741039752,101282.40893565393,1000
BRA1027,2024,2021,TRUE,2018,2099,-2754.7759471248387,123451.65881303782,1000
BRA1027,2024,2022,FALSE,2018,2099,-2146.732971885681,83976.94580926944,1000
BRA1027,2024,2022,TRUE,2018,2099,-1877.996792766571,81278.61009830437,1000
BRA1027,2024,2023,FALSE,2018,2099,-3133.6213813881873,120299.95501461948,1000
BRA1027,2024,2023,TRUE,2018,2099,-4565.092587733626,166675.35945263453,1000
BRA1028,2024,2018,FALSE,2018,2099,-11003.925178583166,449385.5821042442,1857
BRA1028,2024,2018,TRUE,2018,2099,-4662.751895917893,173716.58697804314,1857
BRA1028,2024,2019,FALSE,2018,2099,-4836.373901745935,248262.52055075447,1857
BRA1028,2024,2019,TRUE,2018,2099,-4325.561846156369,154656.16571661187,1857
BRA1028,2024,2020,FALSE,2018,2099,-10962.997443610515,509018.1760923246,1857
BRA1028,2024,2020,TRUE,2018,2099,-11926.420126284844,385959.39307247056,1857
BRA1028,2024,2021,FALSE,2018,2099,-7034.594406729175,336848.32647543476,1857
BRA1028,2024,2021,TRUE,2018,2099,-3175.922883969195,105652.38625382284,1857
BRA1028,2024,2022,FALSE,2018,2099,-17246.897702237642,692966.8161961454,1857
BRA1028,2024,2022,TRUE,2018,2099,-34926.38136176056,1300441.6995317016,1857
BRA1028,2024,2023,FALSE,2018,2099,-11001.60350309756,431415.39129489975,1857
BRA1028,2024,2023,TRUE,2018,2099,-3983.5987939202914,153442.11208945463,1857
BRA1030,2024,2018,FALSE,2018,2099,-1839.0322675514221,80200.54313409342,1000
BRA1030,2024,2018,TRUE,2018,2099,-5151.646672124863,164681.62142216932,1000
BRA1030,2024,2019,FALSE,2018,2099,-5656.17290845871,156066.0459246067,1000
BRA1030,2024,2019,TRUE,2018,2099,-4892.672525959015,126005.59001101351,1000
BRA1030,2024,2020,FALSE,2018,2099,-5906.589779338837,211645.708309735,1000
BRA1030,2024,2020,TRUE,2018,2099,-7933.193358654976,219341.94022314163,1000
BRA1030,2024,2021,FALSE,2018,2099,-5919.876749572754,188170.78890042653,1000
BRA1030,2024,2021,TRUE,2018,2099,-4059.1325746870043,93375.93203347446,1000
BRA1030,2024,2022,FALSE,2018,2099,-5817.064784069062,234155.03763088697,1000
BRA1030,2024,2022,TRUE,2018,2099,-9178.046800518036,199023.3152073885,1000
BRA1030,2024,2023,FALSE,2018,2099,-3660.8322819519044,132797.63912350958,1000
BRA1030,2024,2023,TRUE,2018,2099,-1079.5870577812195,33214.34466791797,1000
BRA1032,2024,2018,FALSE,2018,2099,-4671.8783766167835,138297.85546933234,1414
BRA1032,2024,2018,TRUE,2018,2099,-7001.957713400963,192116.1023389982,1414
BRA1032,2024,2019,FALSE,2018,2099,-7354.962572998845,317727.81275063666,1414
BRA1032,2024,2019,TRUE,2018,2099,-13201.522233984595,367494.0414627127,1414
BRA1032,2024,2020,FALSE,2018,2099,-8091.802732335458,347496.05644588976,1414
BRA1032,2024,2020,TRUE,2018,2099,-6478.704708951871,207205.20880426216,1414
BRA1032,2024,2021,FALSE,2018,2099,-7640.65291035934,322555.36928681063,1414
BRA1032,2024,2021,TRUE,2018,2099,-12321.587897272393,405872.8044041233,1414
BRA1032,2024,2022,FALSE,2018,2099,-10168.352691626109,376496.50645262527,1414
BRA1032,2024,2022,TRUE,2018,2099,-7451.991144749534,196875.82511561483,1414
BRA1032,2024,2023,FALSE,2018,2099,-4100.447734125938,192603.7990741331,1414
BRA1032,2024,2023,TRUE,2018,2099,-9598.159151355145,257843.64787682146,1414
BRA1034,2024,2018,FALSE,2018,2099,-2159.5056090063786,39220.78438433634,303
BRA1034,2024,2018,TRUE,2018,2099,-390.88251166217793,3146.019918579135,303
BRA1034,2024,2019,FALSE,2018,2099,-2134.2397980642795,51467.79686118749,303
BRA1034,2024,2019,TRUE,2018,2099,-560.4950531441781,5678.878039442836,303
BRA1034,2024,2020,FALSE,2018,2099,-1671.4126949813894,34264.421212621215,303
BRA1034,2024,2020,TRUE,2018,2099,-324.40649407531566,351.4883779950703,303
BRA1034,2024,2021,FALSE,2018,2099,-1536.6650911683691,39084.30773760525,303
BRA1034,2024,2021,TRUE,2018,2099,-555.0759416523547,7677.031339745689,303
BRA1034,2024,2022,FALSE,2018,2099,-1678.7881762713885,39262.89398805828,303
BRA1034,2024,2022,TRUE,2018,2099,-1202.1326226055032,9166.95513819002,303
BRA1034,2024,2023,FALSE,2018,2099,-745.7256941354708,17454.673514983868,303
BRA1034,2024,2023,TRUE,2018,2099,-430.2481847352321,5711.016459974645,303
BRA1038,2024,2018,FALSE,2018,2099,-3749.5843884342867,114526.95551768283,1093
BRA1038,2024,2018,TRUE,2018,2099,-1755.1020741659024,61332.29344866694,1093
BRA1038,2024,2019,FALSE,2018,2099,-1121.1895184564894,29167.679833390834,1093
BRA1038,2024,2019,TRUE,2018,2099,-3773.0275829870106,115014.88304752357,1093
BRA1038,2024,2020,FALSE,2018,2099,-3820.185640374128,151944.26275810745,1093
BRA1038,2024,2020,TRUE,2018,2099,-2825.3958919129013,90258.87406202371,1093
BRA1038,2024,2021,FALSE,2018,2099,-4275.560237870561,128702.24095048437,1093
BRA1038,2024,2021,TRUE,2018,2099,-1126.5207622498408,43400.70861468835,1093
BRA1038,2024,2022,FALSE,2018,2099,-4886.794277128557,148275.6893140571,1093
BRA1038,2024,2022,TRUE,2018,2099,-1061.6529773701686,36327.600970643514,1093
BRA1038,2024,2023,FALSE,2018,2099,-2390.4995162833857,58205.80825541221,1093
BRA1038,2024,2023,TRUE,2018,2099,-2548.3987895620053,66619.94120241945,1093
BRA1039,2024,2018,FALSE,2018,2099,-88593.2106782335,1027379.1192696985,1175
BRA1039,2024,2018,TRUE,2018,2099,-48752.23735307785,656520.2485928762,1175
BRA1039,2024,2019,FALSE,2018,2099,-77632.94124339795,996487.7719086373,1175
BRA1039,2024,2019,TRUE,2018,2099,-55179.721610140805,582175.8728554096,1175
BRA1039,2024,2020,FALSE,2018,2099,-78470.76893436351,1183605.4877721195,1175
BRA1039,2024,2020,TRUE,2018,2099,-145938.45389339112,1919872.4068171785,1175
BRA1039,2024,2021,FALSE,2018,2099,-81303.62035747894,842297.3578589641,1175
BRA1039,2024,2021,TRUE,2018,2099,-91013.48000868737,870836.6640510898,1175
BRA1039,2024,2022,FALSE,2018,2099,-79707.26190396422,1143876.4758553791,1175
BRA1039,2024,2022,TRUE,2018,2099,-120559.27891973841,1209791.0110834804,1175
BRA1039,2024,2023,FALSE,2018,2099,-21053.39826825832,369653.8483152699,1175
BRA1039,2024,2023,TRUE,2018,2099,-44096.80536532402,678010.0057920374,1175
BRA1040,2024,2018,FALSE,2018,2099,-1011.9394742597598,29567.128036717895,831
BRA1040,2024,2018,TRUE,2018,2099,-1183.5221926615127,32849.185382425385,831
BRA1040,2024,2019,FALSE,2018,2099,-171.349581237591,5193.703207723638,831
BRA1040,2024,2019,TRUE,2018,2099,-872.3062882934092,19084.263347770433,831
BRA1040,2024,2020,FALSE,2018,2099,-328.7698674388454,10854.60867496776,831
BRA1040,2024,2020,TRUE,2018,2099,-3104.079522228413,56543.25911371186,831
BRA1040,2024,2021,FALSE,2018,2099,-208.98152823855585,3637.172240371246,831
BRA1040,2024,2021,TRUE,2018,2099,-458.9904770489634,16090.352684157018,831
BRA1040,2024,2022,FALSE,2018,2099,-46.24905837227721,3870.219041792603,831
BRA1040,2024,2022,TRUE,2018,2099,-1129.8731393494186,29440.3896673982,831
BRA1040,2024,2023,FALSE,2018,2099,-152.96920337817585,10376.51260075568,831
BRA1040,2024,2023,TRUE,2018,2099,-939.6318578108984,22439.775300106314,831
BRA1059,2024,2015,FALSE,2015,2099,-536.5677505862714,16627.22656615397,200
BRA1059,2024,2015,TRUE,2015,2099,-157.88238102436065,3969.225029842495,200
BRA1059,2024,2016,FALSE,2015,2099,-269.6856800699234,6801.215929723452,200
BRA1059,2024,2016,TRUE,2015,2099,-487.65150859832767,18299.891017616792,200
BRA1059,2024,2017,FALSE,2015,2099,-1740.2070887678863,46837.807080506565,200
BRA1059,2024,2017,TRUE,2015,2099,-79.7579388844967,871.1910486440506,200
BRA1059,2024,2018,FALSE,2015,2099,-944.1490686905385,40293.50234614596,200
BRA1059,2024,2018,TRUE,2015,2099,-814.0455842208863,19694.420093868775,200
BRA1059,2024,2019,FALSE,2015,2099,-203.55417959570886,8520.889932638558,200
BRA1059,2024,2019,TRUE,2015,2099,-167.15754375934603,4851.635327019626,200
BRA1059,2024,2020,FALSE,2015,2099,-140.9506771373749,2772.506150381572,200
BRA1059,2024,2020,TRUE,2015,2099,-8.048307495117188,60.351781105734084,200
BRA1059,2024,2021,FALSE,2015,2099,-9.823504328727722,311.3622440849953,200
BRA1059,2024,2021,TRUE,2015,2099,-52.4061318397522,736.6707447158957,200
BRA1059,2024,2022,FALSE,2015,2099,-235.03322944641116,6105.525887304263,200
BRA1059,2024,2022,TRUE,2015,2099,-219.8799988603592,8594.433528914518,200
BRA1059,2024,2023,FALSE,2015,2099,-89.2336051797867,2087.4862004722518,200
BRA1059,2024,2023,TRUE,2015,2099,-174.23656509399416,4741.501652330823,200
BRA1060,2024,2015,FALSE,2015,2099,-332.03419235017566,3723.3832025330626,234
BRA1060,2024,2015,TRUE,2015,2099,-372.63119179570776,6013.497491441774,234
BRA1060,2024,2016,FALSE,2015,2099,-1043.9920150764988,19107.184871620597,234
BRA1060,2024,2016,TRUE,2015,2099,-4205.200105441942,48897.355886872,234
BRA1060,2024,2017,FALSE,2015,2099,-2839.67366465646,47525.369890277805,234
BRA1060,2024,2017,TRUE,2015,2099,-806.790633177146,19860.426318735794,234
BRA1060,2024,2018,FALSE,2015,2099,-791.497481383829,11827.62229671906,234
BRA1060,2024,2018,TRUE,2015,2099,-408.9078349812418,8842.644696852409,234
BRA1060,2024,2019,FALSE,2015,2099,-1381.0751397049326,22313.745493481132,234
BRA1060,2024,2019,TRUE,2015,2099,-524.0832027033863,6206.850782041425,234
BRA1060,2024,2020,FALSE,2015,2099,-1133.5496723631509,18256.561586594333,234
BRA1060,2024,2020,TRUE,2015,2099,-7.142282111013038,78.89633397882774,234
BRA1060,2024,2021,FALSE,2015,2099,-458.5554147001006,9693.178164093428,234
BRA1060,2024,2021,TRUE,2015,2099,0,0,234
BRA1060,2024,2022,FALSE,2015,2099,-1153.54990688756,20022.81747250719,234
BRA1060,2024,2022,TRUE,2015,2099,0,0,234
BRA1060,2024,2023,FALSE,2015,2099,-149.48383650616702,6957.8061856041695,234
BRA1060,2024,2023,TRUE,2015,2099,-259.26224554094495,3053.5694753790376,234
BRA1061,2024,2000,FALSE,2000,2099,0,0,12
BRA1061,2024,2000,TRUE,2000,2099,0,0,12
BRA1061,2024,2001,FALSE,2000,2099,0,0,12
BRA1061,2024,2001,TRUE,2000,2099,0,0,12
BRA1061,2024,2002,FALSE,2000,2099,-13.48954772949219,168.02796237648832,12
BRA1061,2024,2002,TRUE,2000,2099,0,0,12
BRA1061,2024,2003,FALSE,2000,2099,0,0,12
BRA1061,2024,2003,TRUE,2000,2099,0,0,12
BRA1061,2024,2004,FALSE,2000,2099,0,0,12
BRA1061,2024,2004,TRUE,2000,2099,-31.025911184457634,457.2185204282622,12
BRA1061,2024,2005,FALSE,2000,2099,0,0,12
BRA1061,2024,2005,TRUE,2000,2099,0,0,12
BRA1061,2024,2006,FALSE,2000,2099,-61.57693011944111,524.1670472398848,12
BRA1061,2024,2006,TRUE,2000,2099,0,0,12
BRA1061,2024,2007,FALSE,2000,2099,-216.755848811223,2699.9454940441483,12
BRA1061,2024,2007,TRUE,2000,2099,0,0,12
BRA1061,2024,2008,FALSE,2000,2099,0,0,12
BRA1061,2024,2008,TRUE,2000,2099,0,0,12
BRA1061,2024,2009,FALSE,2000,2099,0,0,12
BRA1061,2024,2009,TRUE,2000,2099,0,0,12
BRA1061,2024,2010,FALSE,2000,2099,-158.0944806612455,183.83070893659095,12
BRA1061,2024,2010,TRUE,2000,2099,0,0,12
BRA1061,2024,2011,FALSE,2000,2099,-449.563800078172,3336.5908174860933,12
BRA1061,2024,2011,TRUE,2000,2099,0,0,12
BRA1061,2024,2012,FALSE,2000,2099,-253.41234177809497,489.37535615046585,12
BRA1061,2024,2012,TRUE,2000,2099,0,0,12
BRA1061,2024,2013,FALSE,2000,2099,-318.51794727032006,1782.6365011387504,12
BRA1061,2024,2013,TRUE,2000,2099,0,0,12
BRA1061,2024,2014,FALSE,2000,2099,0,0,12
BRA1061,2024,2014,TRUE,2000,2099,-188.19698865597067,2793.8331964022836,12
BRA1061,2024,2015,FALSE,2000,2099,-250.83058929443362,2694.3003237036996,12
BRA1061,2024,2015,TRUE,2000,2099,-119.42421076847958,1480.4215384615386,12
BRA1061,2024,2016,FALSE,2000,2099,-213.20418607271637,2018.7823528714944,12
BRA1061,2024,2016,TRUE,2000,2099,0,0,12
BRA1061,2024,2017,FALSE,2000,2099,-373.1357341913077,2086.805529724644,12
BRA1061,2024,2017,TRUE,2000,2099,-142.86180760310248,2876.433076923077,12
BRA1061,2024,2018,FALSE,2000,2099,-74.25508660536546,484.2282243795678,12
BRA1061,2024,2018,TRUE,2000,2099,-130.54613744295563,1795.7078338659421,12
BRA1061,2024,2019,FALSE,2000,2099,-49.56260299682618,74.29637977385053,12
BRA1061,2024,2019,TRUE,2000,2099,0,0,12
BRA1061,2024,2020,FALSE,2000,2099,-43.38533900334285,241.52335394462017,12
BRA1061,2024,2020,TRUE,2000,2099,-182.67019337874194,1876.323145226882,12
BRA1061,2024,2021,FALSE,2000,2099,0,0,12
BRA1061,2024,2021,TRUE,2000,2099,-14.838481242840109,194.04304196211368,12
BRA1061,2024,2022,FALSE,2000,2099,-39.56928106454703,220.2796081678741,12
BRA1061,2024,2022,TRUE,2000,2099,0,0,12
BRA1061,2024,2023,FALSE,2000,2099,0,0,12
BRA1061,2024,2023,TRUE,2000,2099,-258.14062896141644,3089.3124800928395,12
BRA1062,2024,2009,FALSE,2009,2099,-127.2904086642795,1424.9785647590606,342
BRA1062,2024,2009,TRUE,2009,2099,-239.60198148091632,1680.7616647054037,342
BRA1062,2024,2010,FALSE,2009,2099,-551.0910934607188,3566.585388054771,342
BRA1062,2024,2010,TRUE,2009,2099,-419.9301342434353,3334.7762336411743,342
BRA1062,2024,2011,FALSE,2009,2099,-257.23386022779675,3293.245547569688,342
BRA1062,2024,2011,TRUE,2009,2099,0,0,342
BRA1062,2024,2012,FALSE,2009,2099,-1311.6648465130063,10148.631618354297,342
BRA1062,2024,2012,TRUE,2009,2099,-433.95030052132074,3263.8327979537507,342
BRA1062,2024,2013,FALSE,2009,2099,-1247.4720707999334,10369.147407724955,342
BRA1062,2024,2013,TRUE,2009,2099,-69.02241282992892,379.5198671498252,342
BRA1062,2024,2014,FALSE,2009,2099,-670.5824675427542,6379.712736252133,342
BRA1062,2024,2014,TRUE,2009,2099,-475.85008426507306,5863.738809704887,342
BRA1062,2024,2015,FALSE,2009,2099,-611.1668233871459,4892.742256546309,342
BRA1062,2024,2015,TRUE,2009,2099,-248.11110528310138,1975.9559708156507,342
BRA1062,2024,2016,FALSE,2009,2099,-1246.2466985384622,11438.318203033108,342
BRA1062,2024,2016,TRUE,2009,2099,-5597.501373926798,47714.052691559256,342
BRA1062,2024,2017,FALSE,2009,2099,-2946.2077647712495,27489.021552714246,342
BRA1062,2024,2017,TRUE,2009,2099,-3039.2501206000643,29637.959213083996,342
BRA1062,2024,2018,FALSE,2009,2099,-941.4597996208402,6872.886213288322,342
BRA1062,2024,2018,TRUE,2009,2099,-943.5054731369017,6153.634114571078,342
BRA1062,2024,2019,FALSE,2009,2099,-966.0068289836247,9291.820664196894,342
BRA1062,2024,2019,TRUE,2009,2099,-13.396011498239304,28.360815764374472,342
BRA1062,2024,2020,FALSE,2009,2099,-754.003013478385,7495.963742469336,342
BRA1062,2024,2020,TRUE,2009,2099,-524.0878766510222,5239.424059162657,342
BRA1062,2024,2021,FALSE,2009,2099,-133.26116847991943,1026.687527036368,342
BRA1062,2024,2021,TRUE,2009,2099,-125.64765795071918,1226.6871479872634,342
BRA1062,2024,2022,FALSE,2009,2099,-348.440776626269,3923.413536349836,342
BRA1062,2024,2022,TRUE,2009,2099,-317.7777789433797,4160.1221136683,342
BRA1062,2024,2023,FALSE,2009,2099,-92.85367080900403,631.9034783214031,342
BRA1062,2024,2023,TRUE,2009,2099,-158.8215357462565,1601.6982340778977,342
BRA1063,2024,2016,FALSE,2016,2099,-781.4712970043586,13060.100306451568,246
BRA1063,2024,2016,TRUE,2016,2099,-520.6429050429081,17506.95040740962,246
BRA1063,2024,2017,FALSE,2016,2099,-1482.7790987447995,42861.238589903754,246
BRA1063,2024,2017,TRUE,2016,2099,-5448.9342772345235,134564.35883237922,246
BRA1063,2024,2018,FALSE,2016,2099,-772.1296805317809,15631.685436311984,246
BRA1063,2024,2018,TRUE,2016,2099,-80.38406745931967,3961.8010622460342,246
BRA1063,2024,2019,FALSE,2016,2099,-1336.1051251931888,20839.62885490743,246
BRA1063,2024,2019,TRUE,2016,2099,-177.13206766872872,7221.651380484875,246
BRA1063,2024,2020,FALSE,2016,2099,-1979.5073143355246,39093.93191274356,246
BRA1063,2024,2020,TRUE,2016,2099,0,0,246
BRA1063,2024,2021,FALSE,2016,2099,-718.9665085009443,13895.828408493055,246
BRA1063,2024,2021,TRUE,2016,2099,-62.91026589492472,2997.141760892157,246
BRA1063,2024,2022,FALSE,2016,2099,-1628.5796192249632,32779.95138780635,246
BRA1063,2024,2022,TRUE,2016,2099,-51.18339538574219,1048.667188378961,246
BRA1063,2024,2023,FALSE,2016,2099,-7.19720918182435,1295.7586031983105,246
BRA1063,2024,2023,TRUE,2016,2099,-66.72121255766085,1764.1186232166297,246
BRA1064,2024,2006,FALSE,2006,2099,-805.2186701643294,14353.742345295626,138
BRA1064,2024,2006,TRUE,2006,2099,0,0,138
BRA1064,2024,2007,FALSE,2006,2099,-435.48558239314866,10743.167112509378,138
BRA1064,2024,2007,TRUE,2006,2099,-143.9151069185008,428.611268619223,138
BRA1064,2024,2008,FALSE,2006,2099,-188.53952316270357,3111.756334005168,138
BRA1064,2024,2008,TRUE,2006,2099,-252.23188465142596,3738.1176725972273,138
BRA1064,2024,2009,FALSE,2006,2099,-187.26514791232952,3132.9943891963076,138
BRA1064,2024,2009,TRUE,2006,2099,0,0,138
BRA1064,2024,2010,FALSE,2006,2099,-368.81080577684486,3501.272164801456,138
BRA1064,2024,2010,TRUE,2006,2099,-147.92166049238566,832.7424270288788,138
BRA1064,2024,2011,FALSE,2006,2099,-530.3161102308743,8472.577356603198,138
BRA1064,2024,2011,TRUE,2006,2099,0,0,138
BRA1064,2024,2012,FALSE,2006,2099,-824.9901716717776,13734.174741242758,138
BRA1064,2024,2012,TRUE,2006,2099,-711.4267604800239,7639.586303765655,138
BRA1064,2024,2013,FALSE,2006,2099,-547.2351019192433,12487.698909443663,138
BRA1064,2024,2013,TRUE,2006,2099,-505.80172751347226,5988.528371297663,138
BRA1064,2024,2014,FALSE,2006,2099,-137.408197907434,699.4278658390654,138
BRA1064,2024,2014,TRUE,2006,2099,-259.07852386737216,4007.3089911780175,138
BRA1064,2024,2015,FALSE,2006,2099,-149.6242676852406,1476.4624524980395,138
BRA1064,2024,2015,TRUE,2006,2099,-76.49594315238622,503.6394141351891,138
BRA1064,2024,2016,FALSE,2006,2099,-728.3733810566474,10500.538125026462,138
BRA1064,2024,2016,TRUE,2006,2099,-1944.9332287086957,15600.431546567354,138
BRA1064,2024,2017,FALSE,2006,2099,-2365.80740327766,30721.063518002764,138
BRA1064,2024,2017,TRUE,2006,2099,-1887.074645018232,17804.506213212557,138
BRA1064,2024,2018,FALSE,2006,2099,-1370.9032931656077,18244.256655360754,138
BRA1064,2024,2018,TRUE,2006,2099,-695.9749126477518,8611.75595851125,138
BRA1064,2024,2019,FALSE,2006,2099,-677.2307390112808,6810.569691980727,138
BRA1064,2024,2019,TRUE,2006,2099,-592.6835507249486,2159.0776920587973,138
BRA1064,2024,2020,FALSE,2006,2099,-966.4558299157931,16292.59037401963,138
BRA1064,2024,2020,TRUE,2006,2099,-252.23187614523846,1386.3833498367123,138
BRA1064,2024,2021,FALSE,2006,2099,-98.11160687951075,1156.1390323428332,138
BRA1064,2024,2021,TRUE,2006,2099,-186.67349549134573,1561.8150084424383,138
BRA1064,2024,2022,FALSE,2006,2099,-270.7006858975991,3133.2512865994654,138
BRA1064,2024,2022,TRUE,2006,2099,-157.21080416872883,904.0962569863742,138
BRA1064,2024,2023,FALSE,2006,2099,-145.01458526089573,1499.7514411531115,138
BRA1064,2024,2023,TRUE,2006,2099,-468.55610588322514,3201.8717094404506,138
BRA1066,2024,2018,FALSE,2018,2023,-13323.791539111122,467124.0409142295,1363
BRA1066,2024,2018,TRUE,2018,2023,-6619.555605451936,179604.09413599473,1363
BRA1066,2024,2019,FALSE,2018,2023,-4472.447258520546,215592.13019184535,1363
BRA1066,2024,2019,TRUE,2018,2023,-3642.030987601549,145983.68900733546,1363
BRA1066,2024,2020,FALSE,2018,2023,-5149.855018971513,210564.831505974,1363
BRA1066,2024,2020,TRUE,2018,2023,-7013.853812451407,235771.1796914283,1363
BRA1066,2024,2021,FALSE,2018,2023,-4272.207246791415,165173.4461337455,1363
BRA1066,2024,2021,TRUE,2018,2023,-3972.4033439911555,125804.34883643792,1363
BRA1066,2024,2022,FALSE,2018,2023,-7021.881002047266,285918.3312642177,1363
BRA1066,2024,2022,TRUE,2018,2023,-6237.5251493391,200277.10272129823,1363
BRA1066,2024,2023,FALSE,2018,2023,-6477.566732297027,230061.23037700882,1363
BRA1066,2024,2023,TRUE,2018,2023,-4469.127398417088,127163.97767076234,1363
BRA1067,2024,2011,FALSE,2011,2099,-9452.469514156342,386626.105018471,1000
BRA1067,2024,2011,TRUE,2011,2099,-10529.274219649315,328333.3074282668,1000
BRA1067,2024,2012,FALSE,2011,2099,-44841.021576951025,1627009.6832178873,1000
BRA1067,2024,2012,TRUE,2011,2099,-47177.19111332893,1647966.5725182346,1000
BRA1067,2024,2013,FALSE,2011,2099,-22962.326469749452,773465.7778796089,1000
BRA1067,2024,2013,TRUE,2011,2099,-16429.146165031434,544129.789543065,1000
BRA1067,2024,2014,FALSE,2011,2099,-23843.351208496093,740490.5497443479,1000
BRA1067,2024,2014,TRUE,2011,2099,-31265.016148384097,964323.9426270187,1000
BRA1067,2024,2015,FALSE,2011,2099,-15507.555188568116,474185.14690022526,1000
BRA1067,2024,2015,TRUE,2011,2099,-11300.604797963142,389451.49578105623,1000
BRA1067,2024,2016,FALSE,2011,2099,-16369.210432204247,522702.8872809203,1000
BRA1067,2024,2016,TRUE,2011,2099,-6009.445886871338,249764.63090977567,1000
BRA1067,2024,2017,FALSE,2011,2099,-34452.21867533874,1066922.5104346431,1000
BRA1067,2024,2017,TRUE,2011,2099,-16960.46728199768,521455.9163361759,1000
BRA1067,2024,2018,FALSE,2011,2099,-21593.654773846625,645181.4237148046,1000
BRA1067,2024,2018,TRUE,2011,2099,-5095.650350535393,167668.7526986819,1000
BRA1067,2024,2019,FALSE,2011,2099,-24811.683128844263,655556.489307152,1000
BRA1067,2024,2019,TRUE,2011,2099,-7427.841752098084,206622.18440098417,1000
BRA1067,2024,2020,FALSE,2011,2099,-27770.638628242494,719763.3769421916,1000
BRA1067,2024,2020,TRUE,2011,2099,-4292.176871105195,100432.04503102097,1000
BRA1067,2024,2021,FALSE,2011,2099,-33160.341258986475,836152.8513634981,1000
BRA1067,2024,2021,TRUE,2011,2099,-3738.7925327663424,113885.07313110742,1000
BRA1067,2024,2022,FALSE,2011,2099,-26113.60446017456,789359.4365438499,1000
BRA1067,2024,2022,TRUE,2011,2099,-15589.891272644043,464855.16923934687,1000
BRA1067,2024,2023,FALSE,2011,2099,-14152.98920734501,428134.9873412694,1000
BRA1067,2024,2023,TRUE,2011,2099,-9386.663058593751,263655.7191225436,1000
BRA1068,2024,2011,FALSE,2011,2099,-26994.97676771983,993210.6881575071,3000
BRA1068,2024,2011,TRUE,2011,2099,-30091.389436003767,970957.0580415888,3000
BRA1068,2024,2012,FALSE,2011,2099,-136982.6462844868,4463661.847459049,3000
BRA1068,2024,2012,TRUE,2011,2099,-52538.2720189207,1467521.8505782103,3000
BRA1068,2024,2013,FALSE,2011,2099,-36234.45502923561,1043352.9336182703,3000
BRA1068,2024,2013,TRUE,2011,2099,-58068.97418508689,1549486.2634652178,3000
BRA1068,2024,2014,FALSE,2011,2099,-59162.96326112676,1923486.0634989045,3000
BRA1068,2024,2014,TRUE,2011,2099,-67344.89051953165,1868242.836166152,3000
BRA1068,2024,2015,FALSE,2011,2099,-23001.08182525448,643253.4517755144,3000
BRA1068,2024,2015,TRUE,2011,2099,-3874.573943997304,90545.85419931819,3000
BRA1068,2024,2016,FALSE,2011,2099,-48668.091373982475,1129005.2384011077,3000
BRA1068,2024,2016,TRUE,2011,2099,-25241.30319863288,341563.0150561391,3000
BRA1068,2024,2017,FALSE,2011,2099,-114795.59040768426,2367392.0174620533,3000
BRA1068,2024,2017,TRUE,2011,2099,-290513.0979945407,2855264.3250402054,3000
BRA1068,2024,2018,FALSE,2011,2099,-22931.036731042466,612770.1298143003,3000
BRA1068,2024,2018,TRUE,2011,2099,-33461.43014088758,577921.2346750705,3000
BRA1068,2024,2019,FALSE,2011,2099,-24575.35051605471,693463.9019855259,3000
BRA1068,2024,2019,TRUE,2011,2099,-26942.809239021582,516703.3061217453,3000
BRA1068,2024,2020,FALSE,2011,2099,-52517.771219525224,1117067.2248054435,3000
BRA1068,2024,2020,TRUE,2011,2099,-86295.21396725786,1115127.0668281268,3000
BRA1068,2024,2021,FALSE,2011,2099,-24797.719504941546,654834.440112168,3000
BRA1068,2024,2021,TRUE,2011,2099,-43623.7375617046,851344.3268706923,3000
BRA1068,2024,2022,FALSE,2011,2099,-33925.811462065736,788069.9315320615,3000
BRA1068,2024,2022,TRUE,2011,2099,-53075.19996112192,1032961.6252216847,3000
BRA1068,2024,2023,FALSE,2011,2099,-24242.27083204063,723565.8403101339,3000
BRA1068,2024,2023,TRUE,2011,2099,-20178.544647680643,466962.22830469406,3000
BRA1070,2024,2011,FALSE,2011,2099,-4340.235618230378,50723.28679997638,1191
BRA1070,2024,2011,TRUE,2011,2099,-1598.6138599441394,38339.94875162631,1191
BRA1070,2024,2012,FALSE,2011,2099,-14539.15067964387,319175.2668526497,1191
BRA1070,2024,2012,TRUE,2011,2099,-2848.3566929315143,70604.24007762919,1191
BRA1070,2024,2013,FALSE,2011,2099,-6300.41832528847,145833.6123220906,1191
BRA1070,2024,2013,TRUE,2011,2099,-548.3140916127703,14259.194371248792,1191
BRA1070,2024,2014,FALSE,2011,2099,-4308.159730277074,133311.49912427735,1191
BRA1070,2024,2014,TRUE,2011,2099,-1369.7220988117479,37432.15074089315,1191
BRA1070,2024,2015,FALSE,2011,2099,-4776.300906198752,94035.37235811283,1191
BRA1070,2024,2015,TRUE,2011,2099,-415.650343556248,10650.266446739215,1191
BRA1070,2024,2016,FALSE,2011,2099,-12329.830350635635,196440.44149791272,1191
BRA1070,2024,2016,TRUE,2011,2099,-5470.534241335218,114780.72148185469,1191
BRA1070,2024,2017,FALSE,2011,2099,-54828.9368384461,845627.670718437,1191
BRA1070,2024,2017,TRUE,2011,2099,-56028.55713272275,578439.848733659,1191
BRA1070,2024,2018,FALSE,2011,2099,-7194.422778285121,117092.37979036015,1191
BRA1070,2024,2018,TRUE,2011,2099,-7135.614963872607,123114.2737685123,1191
BRA1070,2024,2019,FALSE,2011,2099,-14491.993520843895,197971.80133536004,1191
BRA1070,2024,2019,TRUE,2011,2099,-2846.139442481082,40865.19153791711,1191
BRA1070,2024,2020,FALSE,2011,2099,-15275.925659974217,271140.4056272393,1191
BRA1070,2024,2020,TRUE,2011,2099,-28931.67512009276,180241.56052821066,1191
BRA1070,2024,2021,FALSE,2011,2099,-7664.541203003387,122357.9221356189,1191
BRA1070,2024,2021,TRUE,2011,2099,-3357.6435670780597,42493.282450946295,1191
BRA1070,2024,2022,FALSE,2011,2099,-18104.492949211028,204232.37780560926,1191
BRA1070,2024,2022,TRUE,2011,2099,-22302.707969530707,167793.9414212955,1191
BRA1070,2024,2023,FALSE,2011,2099,-6183.0360723088315,101304.4239282465,1191
BRA1070,2024,2023,TRUE,2011,2099,-7183.494092803759,115219.57250027063,1191
BRA1071,2024,2015,FALSE,2015,2024,-12944.759768631573,672773.3596820654,2041
BRA1071,2024,2015,TRUE,2015,2024,-20677.81850537945,954286.7361992392,2041
BRA1071,2024,2016,FALSE,2015,2024,-15704.304739993788,607453.0948524763,2041
BRA1071,2024,2016,TRUE,2015,2024,-33455.402051952406,1647250.0747480167,2041
BRA1071,2024,2017,FALSE,2015,2024,-24547.973512545803,1137053.4602430197,2041
BRA1071,2024,2017,TRUE,2015,2024,-40073.71933529874,1899142.1277427794,2041
BRA1071,2024,2018,FALSE,2015,2024,-10766.401756045047,451790.3556645408,2041
BRA1071,2024,2018,TRUE,2015,2024,-16250.952900375938,1014502.0793484716,2041
BRA1071,2024,2019,FALSE,2015,2024,-6673.259935277924,361259.52016196284,2041
BRA1071,2024,2019,TRUE,2015,2024,-4071.553902694257,133840.25603613266,2041
BRA1071,2024,2020,FALSE,2015,2024,-5979.558057685858,310674.80261619366,2041
BRA1071,2024,2020,TRUE,2015,2024,-26193.19503987057,1157149.8482819593,2041
BRA1071,2024,2021,FALSE,2015,2024,-11172.107970013914,697080.1172533244,2041
BRA1071,2024,2021,TRUE,2015,2024,-12383.35639890253,491656.91334919346,2041
BRA1071,2024,2022,FALSE,2015,2024,-9469.628947255891,573083.1358794195,2041
BRA1071,2024,2022,TRUE,2015,2024,-9717.822982222995,575422.1280563173,2041
BRA1071,2024,2023,FALSE,2015,2024,-14938.04449589348,879076.727172233,2041
BRA1071,2024,2023,TRUE,2015,2024,-21271.366884845425,891911.2610337416,2041
BRA1073,2024,2015,FALSE,2015,2024,-2525.9083419865956,116688.97225001363,1038
BRA1073,2024,2015,TRUE,2015,2024,-2279.6534779443905,131099.02762004838,1038
BRA1073,2024,2016,FALSE,2015,2024,-4314.287510359219,190295.06640083116,1038
BRA1073,2024,2016,TRUE,2015,2024,-10099.351442790445,589740.79928667075,1038
BRA1073,2024,2017,FALSE,2015,2024,-5470.093339733306,224094.16327943525,1038
BRA1073,2024,2017,TRUE,2015,2024,-3458.763389091271,146229.27550768855,1038
BRA1073,2024,2018,FALSE,2015,2024,-1292.8781465298869,60046.41800368529,1038
BRA1073,2024,2018,TRUE,2015,2024,-712.7826307894867,90222.9109219312,1038
BRA1073,2024,2019,FALSE,2015,2024,-89.613771989855465,2430.6503928306724,1038
BRA1073,2024,2019,TRUE,2015,2024,-491.33958733839796,31777.782721207437,1038
BRA1073,2024,2020,FALSE,2015,2024,-2468.388213725448,145244.9463852153,1038
BRA1073,2024,2020,TRUE,2015,2024,-2242.7759175700257,86677.92240477624,1038
BRA1073,2024,2021,FALSE,2015,2024,-3820.068347557432,172367.3182912158,1038
BRA1073,2024,2021,TRUE,2015,2024,-1933.256567971555,137654.0380015285,1038
BRA1073,2024,2022,FALSE,2015,2024,-1254.9708388444317,50093.007370575644,1038
BRA1073,2024,2022,TRUE,2015,2024,-5810.6995412035485,285078.1994440811,1038
BRA1073,2024,2023,FALSE,2015,2024,-412.3147349826173,15087.232690585857,1038
BRA1073,2024,2023,TRUE,2015,2024,-2682.2765305207645,165147.55454271723,1038
BRA1075,2024,2015,FALSE,2015,2023,-36.16925026689257,604.3459162423218,35
BRA1075,2024,2015,TRUE,2015,2023,-713.7592667988368,7352.906372182312,35
BRA1075,2024,2016,FALSE,2015,2023,0,0,35
BRA1075,2024,2016,TRUE,2015,2023,0,0,35
BRA1075,2024,2017,FALSE,2015,2023,-342.20849078723364,7026.1700919799305,35
BRA1075,2024,2017,TRUE,2015,2023,-571.2520170756749,4062.8806784764192,35
BRA1075,2024,2018,FALSE,2015,2023,0,0,35
BRA1075,2024,2018,TRUE,2015,2023,0,0,35
BRA1075,2024,2019,FALSE,2015,2023,-14.396010225159783,240.5405123291068,35
BRA1075,2024,2019,TRUE,2015,2023,-397.0924546514239,3531.0219493412696,35
BRA1075,2024,2020,FALSE,2015,2023,-88.8735621043614,2319.5972857142856,35
BRA1075,2024,2020,TRUE,2015,2023,0,0,35
BRA1075,2024,2021,FALSE,2015,2023,-12.3394376209804,163.04533659149837,35
BRA1075,2024,2021,TRUE,2015,2023,0,0,35
BRA1075,2024,2022,FALSE,2015,2023,0,0,35
BRA1075,2024,2022,TRUE,2015,2023,0,0,35
BRA1075,2024,2023,FALSE,2015,2023,0,0,35
BRA1075,2024,2023,TRUE,2015,2023,0,0,35
BRA1103,2024,2018,FALSE,2018,2023,-2874.991461981625,120488.79808359047,1367
BRA1103,2024,2018,TRUE,2018,2023,-3719.4439702135155,149807.74994759535,1367
BRA1103,2024,2019,FALSE,2018,2023,-2592.270715941455,108892.23089313006,1367
BRA1103,2024,2019,TRUE,2018,2023,-5618.73627039631,249101.76872711664,1367
BRA1103,2024,2020,FALSE,2018,2023,-3306.7827406494653,144887.13902724723,1367
BRA1103,2024,2020,TRUE,2018,2023,-5110.875460065537,214396.70217166608,1367
BRA1103,2024,2021,FALSE,2018,2023,-4199.3335744197475,136154.13584876907,1367
BRA1103,2024,2021,TRUE,2018,2023,-5818.897606767349,214579.3236436462,1367
BRA1103,2024,2022,FALSE,2018,2023,-4352.393161046217,146042.17674400413,1367
BRA1103,2024,2022,TRUE,2018,2023,-2431.7884180421975,100779.96344928133,1367
BRA1103,2024,2023,FALSE,2018,2023,-1926.112487963193,76655.19255464322,1367
BRA1103,2024,2023,TRUE,2018,2023,-1158.0290216161286,54793.05298935854,1367
BRA1104,2024,2018,FALSE,2018,2023,-2447.5215417051318,118833.0672606574,1000
BRA1104,2024,2018,TRUE,2018,2023,-3483.5158804273606,156538.63874767552,1000
BRA1104,2024,2019,FALSE,2018,2023,-1911.8715095646382,83144.59660526672,1000
BRA1104,2024,2019,TRUE,2018,2023,-6527.592296318055,211695.76859066248,1000
BRA1104,2024,2020,FALSE,2018,2023,-1496.0541830482484,66806.11870327865,1000
BRA1104,2024,2020,TRUE,2018,2023,-4113.125605900765,147450.556071249,1000
BRA1104,2024,2021,FALSE,2018,2023,-1552.4041140162947,67670.01022352815,1000
BRA1104,2024,2021,TRUE,2018,2023,-5704.377662763834,226884.7157438757,1000
BRA1104,2024,2022,FALSE,2018,2023,-2388.255374727249,108368.08914014907,1000
BRA1104,2024,2022,TRUE,2018,2023,-9598.774709363937,422597.7301463688,1000
BRA1104,2024,2023,FALSE,2018,2023,-687.4908109502793,32810.349219497104,1000
BRA1104,2024,2023,TRUE,2018,2023,-2130.4837825272084,114152.44780766168,1000
BRA1109,2024,2021,FALSE,2021,2099,0,0,8
BRA1109,2024,2021,TRUE,2021,2099,0,0,8
BRA1109,2024,2022,FALSE,2021,2099,-577.0492458343506,17184.775,8
BRA1109,2024,2022,TRUE,2021,2099,0,0,8
BRA1109,2024,2023,FALSE,2021,2099,0,0,8
BRA1109,2024,2023,TRUE,2021,2099,-13.648099899291992,662.5418508189439,8
BRA1118,2024,2022,FALSE,2022,2099,-9721.123690695762,532307.2037486918,1000
BRA1118,2024,2022,TRUE,2022,2099,-4088.963774833679,174939.62533674043,1000
BRA1118,2024,2023,FALSE,2022,2099,-2623.4607961082456,126051.9692067744,1000
BRA1118,2024,2023,TRUE,2022,2099,-2469.5188609971997,144134.788675998,1000
BRA1120,2024,2022,FALSE,2022,2099,-998.7518469829558,18970.41828733344,250
BRA1120,2024,2022,TRUE,2022,2099,-2856.636617128372,29163.469252904262,250
BRA1120,2024,2023,FALSE,2022,2099,-1682.7305094671249,20285.94703130022,250
BRA1120,2024,2023,TRUE,2022,2099,-4180.8125896425245,40549.74397506975,250
BRA1121,2024,2021,FALSE,2021,2099,0,0,1
BRA1121,2024,2021,TRUE,2021,2099,0,0,1
BRA1121,2024,2022,FALSE,2021,2099,0,0,1
BRA1121,2024,2022,TRUE,2021,2099,0,0,1
BRA1121,2024,2023,FALSE,2021,2099,0,0,1
BRA1121,2024,2023,TRUE,2021,2099,0,0,1
BRA1128,2024,2021,FALSE,2021,2099,0,0,1
BRA1128,2024,2021,TRUE,2021,2099,0,0,1
BRA1128,2024,2022,FALSE,2021,2099,0,0,1
BRA1128,2024,2022,TRUE,2021,2099,0,0,1
BRA1128,2024,2023,FALSE,2021,2099,0,0,1
BRA1128,2024,2023,TRUE,2021,2099,0,0,1
BRA1131,2024,2021,FALSE,2021,2099,0,0,8
BRA1131,2024,2021,TRUE,2021,2099,0,0,8
BRA1131,2024,2022,FALSE,2021,2099,0,0,8
BRA1131,2024,2022,TRUE,2021,2099,0,0,8
BRA1131,2024,2023,FALSE,2021,2099,0,0,8
BRA1131,2024,2023,TRUE,2021,2099,0,0,8
BRA1132,2024,2021,FALSE,2021,2099,0,0,4
BRA1132,2024,2021,TRUE,2021,2099,0,0,4
BRA1132,2024,2022,FALSE,2021,2099,0,0,4
BRA1132,2024,2022,TRUE,2021,2099,0,0,4
BRA1132,2024,2023,FALSE,2021,2099,0,0,4
BRA1132,2024,2023,TRUE,2021,2099,-5.240867614746094,744.1150416273537,4
BRA1133,2024,2021,FALSE,2021,2099,0,0,7
BRA1133,2024,2021,TRUE,2021,2099,0,0,7
BRA1133,2024,2022,FALSE,2021,2099,0,0,7
BRA1133,2024,2022,TRUE,2021,2099,0,0,7
BRA1133,2024,2023,FALSE,2021,2099,0,0,7
BRA1133,2024,2023,TRUE,2021,2099,-205.75416346958704,4021.1036733974743,7
BRA1135,2024,2021,FALSE,2021,2099,0,0,4
BRA1135,2024,2021,TRUE,2021,2099,0,0,4
BRA1135,2024,2022,FALSE,2021,2099,0,0,4
BRA1135,2024,2022,TRUE,2021,2099,0,0,4
BRA1135,2024,2023,FALSE,2021,2099,0,0,4
BRA1135,2024,2023,TRUE,2021,2099,-4.585759162902832,651.1006614239344,4
BRA1136,2024,2021,FALSE,2021,2099,-331.52228008194044,11081.993172649321,269
BRA1136,2024,2021,TRUE,2021,2099,-322.02602900536976,10555.263765346594,269
BRA1136,2024,2022,FALSE,2021,2099,-855.3680749364946,26577.951494555684,269
BRA1136,2024,2022,TRUE,2021,2099,-484.5613012415769,11714.091114086496,269
BRA1136,2024,2023,FALSE,2021,2099,-307.0493178252394,6103.688933679271,269
BRA1136,2024,2023,TRUE,2021,2099,-381.0510827750522,6474.988312213694,269
BRA1137,2024,2021,FALSE,2021,2099,-277.1395350973327,3926.069211300061,231
BRA1137,2024,2021,TRUE,2021,2099,-368.9900914956997,10340.20359648277,231
BRA1137,2024,2022,FALSE,2021,2099,-429.43126497330604,5542.477648921585,231
BRA1137,2024,2022,TRUE,2021,2099,-369.2351388002371,11189.776826932191,231
BRA1137,2024,2023,FALSE,2021,2099,-125.12730387898235,1663.471126377615,231
BRA1137,2024,2023,TRUE,2021,2099,-185.4545462441135,5682.5707225553815,231
BRA1138,2024,2021,FALSE,2021,2099,0,0,13
BRA1138,2024,2021,TRUE,2021,2099,-43.77167081832886,2235.03,13
BRA1138,2024,2022,FALSE,2021,2099,-11.069701194763184,728.2533260431384,13
BRA1138,2024,2022,TRUE,2021,2099,0,0,13
BRA1138,2024,2023,FALSE,2021,2099,0,0,13
BRA1138,2024,2023,TRUE,2021,2099,0,0,13
BRA1139,2024,2021,FALSE,2021,2099,-79.74363965056548,887.3999897886183,389
BRA1139,2024,2021,TRUE,2021,2099,-153.04626852197327,3843.876863753213,389
BRA1139,2024,2022,FALSE,2021,2099,-357.6910618368948,5337.481823364969,389
BRA1139,2024,2022,TRUE,2021,2099,-270.69408839649896,8948.975244687254,389
BRA1139,2024,2023,FALSE,2021,2099,-71.0255413128968,1052.5065052087193,389
BRA1139,2024,2023,TRUE,2021,2099,-350.8611898419177,6680.266108819322,389
BRA1140,2024,2021,FALSE,2021,2099,0,0,24
BRA1140,2024,2021,TRUE,2021,2099,0,0,24
BRA1140,2024,2022,FALSE,2021,2099,-3.1663580934206643,769.4002083333332,24
BRA1140,2024,2022,TRUE,2021,2099,-99.90513749917348,2878.378400586083,24
BRA1140,2024,2023,FALSE,2021,2099,-33.14220984776814,3066.5143749999997,24
BRA1140,2024,2023,TRUE,2021,2099,0,0,24
BRA1142,2024,2021,FALSE,2021,2099,-269.87180805787807,7956.620171808837,246
BRA1142,2024,2021,TRUE,2021,2099,0,0,246
BRA1142,2024,2022,FALSE,2021,2099,-3833.265031215621,95879.40523666015,246
BRA1142,2024,2022,TRUE,2021,2099,0,0,246
BRA1142,2024,2023,FALSE,2021,2099,-901.5015181913608,31103.628214968827,246
BRA1142,2024,2023,TRUE,2021,2099,-416.82453152028523,9348.116585365855,246
BRA1143,2024,2021,FALSE,2021,2099,-233.58815958470473,5033.772437135366,81
BRA1143,2024,2021,TRUE,2021,2099,-91.08052892449462,12594.745850183474,81
BRA1143,2024,2022,FALSE,2021,2099,-1987.5531052954402,45241.513320145146,81
BRA1143,2024,2022,TRUE,2021,2099,0,0,81
BRA1143,2024,2023,FALSE,2021,2099,0,0,81
BRA1143,2024,2023,TRUE,2021,2099,0,0,81
BRA1144,2024,2021,FALSE,2021,2099,0,0,11
BRA1144,2024,2021,TRUE,2021,2099,0,0,11
BRA1144,2024,2022,FALSE,2021,2099,-128.19384488192472,1977.7963636363638,11
BRA1144,2024,2022,TRUE,2021,2099,0,0,11
BRA1144,2024,2023,FALSE,2021,2099,-13.37571716308594,176.16000000000003,11
BRA1144,2024,2023,TRUE,2021,2099,0,0,11
BRA1145,2024,2022,FALSE,2022,2099,0,0,23
BRA1145,2024,2022,TRUE,2022,2099,0,0,23
BRA1145,2024,2023,FALSE,2022,2099,-30.122363131979238,370.19130434782613,23
BRA1145,2024,2023,TRUE,2022,2099,0,0,23
BRA1181,2024,2022,FALSE,2022,2099,0,0,4
BRA1181,2024,2022,TRUE,2022,2099,0,0,4
BRA1181,2024,2023,FALSE,2022,2099,-9.195805549621582,121.10999999999999,4
BRA1181,2024,2023,TRUE,2022,2099,0,0,4
BRA1193,2024,2021,FALSE,2021,2099,0,0,6
BRA1193,2024,2021,TRUE,2021,2099,0,0,6
BRA1193,2024,2022,FALSE,2021,2099,0,0,6
BRA1193,2024,2022,TRUE,2021,2099,-73.9029598236084,1648.4416666666668,6
BRA1193,2024,2023,FALSE,2021,2099,0,0,6
BRA1193,2024,2023,TRUE,2021,2099,0,0,6
BRA1201,2024,2015,FALSE,2015,2024,-1956.3537933305336,67735.71959516444,1551
BRA1201,2024,2015,TRUE,2015,2024,-3091.5531838410593,181374.7038853465,1551
BRA1201,2024,2016,FALSE,2015,2024,-2281.728660706625,102327.25282155635,1551
BRA1201,2024,2016,TRUE,2015,2024,-2402.185283863798,120271.08417386614,1551
BRA1201,2024,2017,FALSE,2015,2024,-1798.6503883464193,80425.87450093198,1551
BRA1201,2024,2017,TRUE,2015,2024,-45.62951723242636,11277.772170558996,1551
BRA1201,2024,2018,FALSE,2015,2024,-2305.523225206932,86782.69891255455,1551
BRA1201,2024,2018,TRUE,2015,2024,-297.0457957671735,21908.6733473338,1551
BRA1201,2024,2019,FALSE,2015,2024,-1054.602579458078,67519.5660117862,1551
BRA1201,2024,2019,TRUE,2015,2024,0,0,1551
BRA1201,2024,2020,FALSE,2015,2024,-1006.3277253698794,56744.81447700936,1551
BRA1201,2024,2020,TRUE,2015,2024,0,0,1551
BRA1201,2024,2021,FALSE,2015,2024,-498.50350863237213,30270.92900743754,1551
BRA1201,2024,2021,TRUE,2015,2024,0,0,1551
BRA1201,2024,2022,FALSE,2015,2024,-233.4109968373577,21595.919133144474,1551
BRA1201,2024,2022,TRUE,2015,2024,-349.6668502357527,14348.919925598064,1551
BRA1201,2024,2023,FALSE,2015,2024,-1756.404587122181,84474.04560126971,1551
BRA1201,2024,2023,TRUE,2015,2024,-960.7950250798083,44756.5354309929,1551
BRA1203,2024,2023,FALSE,2023,2099,-490.6607321559703,9570.255131246024,263
BRA1203,2024,2023,TRUE,2023,2099,-372.37625188881907,8128.338326996198,263
BRA1232,2024,2021,FALSE,2021,2099,0,0,11
BRA1232,2024,2021,TRUE,2021,2099,-20.897083976052024,2018.0460820751819,11
BRA1232,2024,2022,FALSE,2021,2099,-118.18181818181819,3582.587272727273,11
BRA1232,2024,2022,TRUE,2021,2099,0,0,11
BRA1232,2024,2023,FALSE,2021,2099,0,0,11
BRA1232,2024,2023,TRUE,2021,2099,0,0,11
BRA1240,2024,2023,FALSE,2023,2099,-677.3031953484751,19649.970563278355,255
BRA1240,2024,2023,TRUE,2023,2099,-189.30065954988822,3014.7186328125,255
BRA1241,2024,2023,FALSE,2023,2099,-274.13650866293574,23980.124229532128,213
BRA1241,2024,2023,TRUE,2023,2099,-179.22302995601171,3447.233471494584,213
BRA1242,2024,2023,FALSE,2023,2099,-279.29215637207034,10048.844121346989,325
BRA1242,2024,2023,TRUE,2023,2099,-399.74078854524174,12627.456170018151,325
BRA1243,2024,2023,FALSE,2023,2099,-3146.614749590597,151106.77794808894,2245
BRA1243,2024,2023,TRUE,2023,2099,-2093.685868627207,90580.08161958156,2245
BRA1244,2024,2023,FALSE,2023,2099,-666.0051803417925,29231.22767119764,265
BRA1244,2024,2023,TRUE,2023,2099,-1582.1795398685167,80809.25281756365,265
BRA1245,2024,2023,FALSE,2023,2099,-1256.6585477255403,31728.642430996508,313
BRA1245,2024,2023,TRUE,2023,2099,-1218.06990375077,26419.619848463153,313
BRA1246,2024,2023,FALSE,2023,2099,-450.6433910943392,17918.775,254
BRA1246,2024,2023,TRUE,2023,2099,-8.047875070196437,1602.4101377952757,254
BRA1247,2024,2023,FALSE,2023,2099,-267.15830409526825,12081.459226806403,185
BRA1247,2024,2023,TRUE,2023,2099,-601.8006817998113,24012.150610091878,185
BRA1248,2024,2023,FALSE,2023,2099,-3275.716705151385,34973.761167668956,849
BRA1248,2024,2023,TRUE,2023,2099,-1893.5348640638192,41194.54730286865,849
BRA1249,2024,2023,FALSE,2023,2099,-313.8703124640959,13214.873629207905,253
BRA1249,2024,2023,TRUE,2023,2099,-227.56746598948604,7473.020004131974,253
BRA1250,2024,2023,FALSE,2023,2099,-1087.8730541954844,38497.44734138878,438
BRA1250,2024,2023,TRUE,2023,2099,-1378.2890486464107,62514.04772095226,438
BRA1252,2024,2022,FALSE,2022,2023,-3836.380045008317,133897.01827406173,1045
BRA1252,2024,2022,TRUE,2022,2023,-11906.735601259077,476218.8641212188,1045
BRA1252,2024,2023,FALSE,2022,2023,-4316.719843200975,143746.05872751828,1045
BRA1252,2024,2023,TRUE,2022,2023,-8056.905296150463,306338.5483976104,1045
BRA1261,2024,2022,FALSE,2022,2099,-1014.4878076741221,9278.827512649657,467
BRA1261,2024,2022,TRUE,2022,2099,-623.5458639112223,12117.559276077232,467
BRA1261,2024,2023,FALSE,2022,2099,-2251.3623494877293,15395.907577448304,467
BRA1261,2024,2023,TRUE,2022,2099,-3447.7434150891845,35917.85213577376,467
CHN1008,2024,2019,FALSE,2019,2024,0,0,34
CHN1008,2024,2019,TRUE,2019,2024,0,0,34
CHN1008,2024,2020,FALSE,2019,2024,-5813.171854159411,151209.80657570125,34
CHN1008,2024,2020,TRUE,2019,2024,-1816.5817052196053,42843.17816173275,34
CHN1008,2024,2021,FALSE,2019,2024,-4239.582258182413,52541.18348762536,34
CHN1008,2024,2021,TRUE,2019,2024,0,0,34
CHN1008,2024,2022,FALSE,2019,2024,-3357.5371421154805,46297.60615614451,34
CHN1008,2024,2022,TRUE,2019,2024,-4914.109301623176,174682.12750237132,34
CHN1008,2024,2023,FALSE,2019,2024,-1727.9386355035444,44529.76131575052,34
CHN1008,2024,2023,TRUE,2019,2024,-315.93815629622515,22960.94315942534,34
COL1002,2024,2019,FALSE,2019,2099,0,0,271
COL1002,2024,2019,TRUE,2019,2099,0,0,271
COL1002,2024,2020,FALSE,2019,2099,-3813.2668952238073,99943.09772325079,271
COL1002,2024,2020,TRUE,2019,2099,-1414.5763322189723,60102.139215603216,271
COL1002,2024,2021,FALSE,2019,2099,-0.9186025246482933,11.299398322962382,271
COL1002,2024,2021,TRUE,2019,2099,0,0,271
COL1002,2024,2022,FALSE,2019,2099,0,0,271
COL1002,2024,2022,TRUE,2019,2099,0,0,271
COL1002,2024,2023,FALSE,2019,2099,-14.25493821710678,446.71267179804147,271
COL1002,2024,2023,TRUE,2019,2099,0,0,271
COL1003,2024,2019,FALSE,2019,2099,-233.89068031311035,4205.7715729052925,7
COL1003,2024,2019,TRUE,2019,2099,0,0,7
COL1003,2024,2020,FALSE,2019,2099,0,0,7
COL1003,2024,2020,TRUE,2019,2099,0,0,7
COL1003,2024,2021,FALSE,2019,2099,-241.19976615905762,7543.9645122630045,7
COL1003,2024,2021,TRUE,2019,2099,-42.25252914428711,1388.420122839462,7
COL1003,2024,2022,FALSE,2019,2099,0,0,7
COL1003,2024,2022,TRUE,2019,2099,-70.0123701095581,985.3294629347373,7
COL1003,2024,2023,FALSE,2019,2099,0,0,7
COL1003,2024,2023,TRUE,2019,2099,-70.72679901123047,890.2063821497798,7
COL1004,2024,2019,FALSE,2019,2099,0,0,85
COL1004,2024,2019,TRUE,2019,2099,0,0,85
COL1004,2024,2020,FALSE,2019,2099,-1971.0653620888206,58688.481446933685,85
COL1004,2024,2020,TRUE,2019,2099,-2554.660677236669,96403.51578108952,85
COL1004,2024,2021,FALSE,2019,2099,0,0,85
COL1004,2024,2021,TRUE,2019,2099,0,0,85
COL1004,2024,2022,FALSE,2019,2099,0,0,85
COL1004,2024,2022,TRUE,2019,2099,0,0,85
COL1004,2024,2023,FALSE,2019,2099,0,0,85
COL1004,2024,2023,TRUE,2019,2099,0,0,85
COL1005,2024,2013,FALSE,2013,2099,0,0,1
COL1005,2024,2013,TRUE,2013,2099,0,0,1
COL1005,2024,2014,FALSE,2013,2099,0,0,1
COL1005,2024,2014,TRUE,2013,2099,0,0,1
COL1005,2024,2015,FALSE,2013,2099,0,0,1
COL1005,2024,2015,TRUE,2013,2099,0,0,1
COL1005,2024,2016,FALSE,2013,2099,0,0,1
COL1005,2024,2016,TRUE,2013,2099,0,0,1
COL1005,2024,2017,FALSE,2013,2099,-555.4456787109375,4757.489725028637,1
COL1005,2024,2017,TRUE,2013,2099,-11258.612045288086,132731.055,1
COL1005,2024,2018,FALSE,2013,2099,0,0,1
COL1005,2024,2018,TRUE,2013,2099,0,0,1
COL1005,2024,2019,FALSE,2013,2099,0,0,1
COL1005,2024,2019,TRUE,2013,2099,0,0,1
COL1005,2024,2020,FALSE,2013,2099,0,0,1
COL1005,2024,2020,TRUE,2013,2099,0,0,1
COL1005,2024,2021,FALSE,2013,2099,0,0,1
COL1005,2024,2021,TRUE,2013,2099,0,0,1
COL1005,2024,2022,FALSE,2013,2099,0,0,1
COL1005,2024,2022,TRUE,2013,2099,0,0,1
COL1005,2024,2023,FALSE,2013,2099,-7419.410167694092,63548.55027497136,1
COL1005,2024,2023,TRUE,2013,2099,0,0,1
COL1007,2024,2018,FALSE,2018,2099,0,0,7
COL1007,2024,2018,TRUE,2018,2099,0,0,7
COL1007,2024,2019,FALSE,2018,2099,0,0,7
COL1007,2024,2019,TRUE,2018,2099,0,0,7
COL1007,2024,2020,FALSE,2018,2099,-8.202530452183314,144.70285714285714,7
COL1007,2024,2020,TRUE,2018,2099,0,0,7
COL1007,2024,2021,FALSE,2018,2099,0,0,7
COL1007,2024,2021,TRUE,2018,2099,0,0,7
COL1007,2024,2022,FALSE,2018,2099,0,0,7
COL1007,2024,2022,TRUE,2018,2099,0,0,7
COL1007,2024,2023,FALSE,2018,2099,-2.464456013270787,245.36571428571426,7
COL1007,2024,2023,TRUE,2018,2099,0,0,7
COL1009,2024,2013,FALSE,2013,2099,0,0,72
COL1009,2024,2013,TRUE,2013,2099,-860.9672273132537,27119.16208835007,72
COL1009,2024,2014,FALSE,2013,2099,-563.9679764906566,17128.277336643758,72
COL1009,2024,2014,TRUE,2013,2099,-1918.4749283343556,88593.12063557075,72
COL1009,2024,2015,FALSE,2013,2099,-117.61385960049101,2131.60206700541,72
COL1009,2024,2015,TRUE,2013,2099,0,0,72
COL1009,2024,2016,FALSE,2013,2099,0,0,72
COL1009,2024,2016,TRUE,2013,2099,-371.10041758749225,8421.950874765618,72
COL1009,2024,2017,FALSE,2013,2099,0,0,72
COL1009,2024,2017,TRUE,2013,2099,-60.37083265516494,2603.965254099844,72
COL1009,2024,2018,FALSE,2013,2099,-31.92413006888496,1642.914437653984,72
COL1009,2024,2018,TRUE,2013,2099,0,0,72
COL1009,2024,2019,FALSE,2013,2099,0,0,72
COL1009,2024,2019,TRUE,2013,2099,0,0,72
COL1009,2024,2020,FALSE,2013,2099,-342.56647213300073,7665.384245944282,72
COL1009,2024,2020,TRUE,2013,2099,-790.3764950301913,30785.16071512507,72
COL1009,2024,2021,FALSE,2013,2099,0,0,72
COL1009,2024,2021,TRUE,2013,2099,-341.6173936261072,6625.217959803936,72
COL1009,2024,2022,FALSE,2013,2099,0,0,72
COL1009,2024,2022,TRUE,2013,2099,-233.71901910834845,8738.799712985136,72
COL1009,2024,2023,FALSE,2013,2099,-296.66565552022723,5376.688824467345,72
COL1009,2024,2023,TRUE,2013,2099,0,0,72
COL1010,2024,2018,FALSE,2018,2099,-39.96885191372463,334.88225714285716,175
COL1010,2024,2018,TRUE,2018,2099,-288.1046801315035,3378.322797191196,175
COL1010,2024,2019,FALSE,2018,2099,-106.05829165867398,1029.2252857142855,175
COL1010,2024,2019,TRUE,2018,2099,-78.69143096651351,1941.7026341327303,175
COL1010,2024,2020,FALSE,2018,2099,-14.893220874241422,18.433885714285715,175
COL1010,2024,2020,TRUE,2018,2099,-255.29882447378978,1614.4163599920978,175
COL1010,2024,2021,FALSE,2018,2099,-31.867956567491806,4110.756514285715,175
COL1010,2024,2021,TRUE,2018,2099,-529.0438182381222,9167.84685389157,175
COL1010,2024,2022,FALSE,2018,2099,-55.251428172247756,765.0062571428572,175
COL1010,2024,2022,TRUE,2018,2099,-281.28000439098906,1612.4977844814248,175
COL1010,2024,2023,FALSE,2018,2099,0,0,175
COL1010,2024,2023,TRUE,2018,2099,0,0,175
COL1076,2024,2021,FALSE,2021,2099,-75.01291702042765,452.01696849301226,201
COL1076,2024,2021,TRUE,2021,2099,0,0,201
COL1076,2024,2022,FALSE,2021,2099,-25.72304198991007,49.27596556154395,201
COL1076,2024,2022,TRUE,2021,2099,0,0,201
COL1076,2024,2023,FALSE,2021,2099,-77.67186826734401,369.6244075727844,201
COL1076,2024,2023,TRUE,2021,2099,0,0,201
COL1080,2024,2021,FALSE,2021,2099,-200.33733585902624,1203.2357142857145,7
COL1080,2024,2021,TRUE,2021,2099,0,0,7
COL1080,2024,2022,FALSE,2021,2099,0,0,7
COL1080,2024,2022,TRUE,2021,2099,0,0,7
COL1080,2024,2023,FALSE,2021,2099,-106.5037991659982,1007.5222407240458,7
COL1080,2024,2023,TRUE,2021,2099,0,0,7
COL1081,2024,2021,FALSE,2021,2099,0,0,7
COL1081,2024,2021,TRUE,2021,2099,0,0,7
COL1081,2024,2022,FALSE,2021,2099,0,0,7
COL1081,2024,2022,TRUE,2021,2099,0,0,7
COL1081,2024,2023,FALSE,2021,2099,0,0,7
COL1081,2024,2023,TRUE,2021,2099,0,0,7
COL1086,2024,2020,FALSE,2020,2099,0,0,2
COL1086,2024,2020,TRUE,2020,2099,-619.6189556121826,5835.299999999999,2
COL1086,2024,2021,FALSE,2020,2099,0,0,2
COL1086,2024,2021,TRUE,2020,2099,0,0,2
COL1086,2024,2022,FALSE,2020,2099,0,0,2
COL1086,2024,2022,TRUE,2020,2099,0,0,2
COL1086,2024,2023,FALSE,2020,2099,0,0,2
COL1086,2024,2023,TRUE,2020,2099,0,0,2
COL1204,2024,2020,FALSE,2020,2099,0,0,7
COL1204,2024,2020,TRUE,2020,2099,0,0,7
COL1204,2024,2021,FALSE,2020,2099,0,0,7
COL1204,2024,2021,TRUE,2020,2099,-1054.0992050170898,32955.24469629307,7
COL1204,2024,2022,FALSE,2020,2099,-41.33427429199219,1496.4888003181475,7
COL1204,2024,2022,TRUE,2020,2099,-1173.4047175816127,53154.88684923817,7
COL1204,2024,2023,FALSE,2020,2099,0,0,7
COL1204,2024,2023,TRUE,2020,2099,0,0,7
COL1361,2024,2022,FALSE,2022,2099,-197.62466451396114,3488.8066530433616,23
COL1361,2024,2022,TRUE,2022,2099,-193.05329640015313,5411.4947826086955,23
COL1361,2024,2023,FALSE,2022,2099,-466.20355423637056,11677.228999130552,23
COL1361,2024,2023,TRUE,2022,2099,-319.1693064648172,5629.141739130435,23
COL1942,2024,2022,FALSE,2022,2099,-1393.944607693949,38106.880532377574,679
COL1942,2024,2022,TRUE,2022,2099,-897.4508734163726,26277.97185432564,679
COL1942,2024,2023,FALSE,2022,2099,-1114.4868506247587,34663.414489713745,679
COL1942,2024,2023,TRUE,2022,2099,-491.2274521643705,14216.579911372966,679
COL1943,2024,2023,FALSE,2023,2099,-5765.459105735942,171939.09193997423,2538
COL1943,2024,2023,TRUE,2023,2099,-17698.07497471773,492468.2401383738,2538
COL1951,2024,2022,FALSE,2022,2099,0,0,13
COL1951,2024,2022,TRUE,2022,2099,0,0,13
COL1951,2024,2023,FALSE,2022,2099,-799.0719809002345,12446.60111111111,13
COL1951,2024,2023,TRUE,2022,2099,0,0,13
COL1959,2024,2018,FALSE,2018,2099,0,0,17
COL1959,2024,2018,TRUE,2018,2099,0,0,17
COL1959,2024,2019,FALSE,2018,2099,0,0,17
COL1959,2024,2019,TRUE,2018,2099,0,0,17
COL1959,2024,2020,FALSE,2018,2099,-41.860560541567594,1003.8268518227512,17
COL1959,2024,2020,TRUE,2018,2099,0,0,17
COL1959,2024,2021,FALSE,2018,2099,0,0,17
COL1959,2024,2021,TRUE,2018,2099,0,0,17
COL1959,2024,2022,FALSE,2018,2099,0,0,17
COL1959,2024,2022,TRUE,2018,2099,0,0,17
COL1959,2024,2023,FALSE,2018,2099,0,0,17
COL1959,2024,2023,TRUE,2018,2099,0,0,17
COL1960,2024,2023,FALSE,2023,2099,0,0,8
COL1960,2024,2023,TRUE,2023,2099,0,0,8
COL1961,2024,2023,FALSE,2023,2099,0,0,23
COL1961,2024,2023,TRUE,2023,2099,0,0,23
COL1968,2024,2022,FALSE,2022,2099,-1004.4678037540438,37135.02280734398,1187
COL1968,2024,2022,TRUE,2022,2099,-5415.54713271664,198303.73953322842,1187
COL1968,2024,2023,FALSE,2022,2099,-474.16033905014643,13276.093811446515,1187
COL1968,2024,2023,TRUE,2022,2099,-5820.127154524112,176224.28027532637,1187
COL1983,2024,2022,FALSE,2022,2099,-518.5368194580078,6771.621857142856,35
COL1983,2024,2022,TRUE,2022,2099,-459.9675575460707,7586.742382568627,35
COL1983,2024,2023,FALSE,2022,2099,-246.86385647909984,1445.5605714285714,35
COL1983,2024,2023,TRUE,2022,2099,-793.635062299456,9482.18500883545,35
COL1984,2024,2022,FALSE,2022,2099,0,0,4
COL1984,2024,2022,TRUE,2022,2099,0,0,4
COL1984,2024,2023,FALSE,2022,2099,0,0,4
COL1984,2024,2023,TRUE,2022,2099,0,0,4
COL1985,2024,2022,FALSE,2022,2099,-76.30257415771484,1365.24,7
COL1985,2024,2022,TRUE,2022,2099,-14.665287971496582,771.5545041282858,7
COL1985,2024,2023,FALSE,2022,2099,0,0,7
COL1985,2024,2023,TRUE,2022,2099,-105.1992244720459,4171.314173611784,7
COL1986,2024,2022,FALSE,2022,2099,0,0,5
COL1986,2024,2022,TRUE,2022,2099,0,0,5
COL1986,2024,2023,FALSE,2022,2099,-77.9635627746582,449.575,5
COL1986,2024,2023,TRUE,2022,2099,-119.00000133514403,3455.3049999999994,5
COL1987,2024,2022,FALSE,2022,2099,-86.06233787536621,2781.86,8
COL1987,2024,2022,TRUE,2022,2099,0,0,8
COL1987,2024,2023,FALSE,2022,2099,0,0,8
COL1987,2024,2023,TRUE,2022,2099,0,0,8
COL1998,2024,2022,FALSE,2022,2099,-16.605974059174027,434.29403081489306,41
COL1998,2024,2022,TRUE,2022,2099,-335.58483338010484,7187.392329744211,41
COL1998,2024,2023,FALSE,2022,2099,0,0,41
COL1998,2024,2023,TRUE,2022,2099,-430.2011188044064,14752.371370840085,41
CRI1001,2024,2018,FALSE,2018,2099,0,0,5
CRI1001,2024,2018,TRUE,2018,2099,-69.00328674316407,2710.8670300911144,5
CRI1001,2024,2019,FALSE,2018,2099,0,0,5
CRI1001,2024,2019,TRUE,2018,2099,-8.3978118896484375,376.1258551613504,5
CRI1001,2024,2020,FALSE,2018,2099,0,0,5
CRI1001,2024,2020,TRUE,2018,2099,0,0,5
CRI1001,2024,2021,FALSE,2018,2099,-80.19109344482422,2455.7547170487846,5
CRI1001,2024,2021,TRUE,2018,2099,0,0,5
CRI1001,2024,2022,FALSE,2018,2099,0,0,5
CRI1001,2024,2022,TRUE,2018,2099,0,0,5
CRI1001,2024,2023,FALSE,2018,2099,0,0,5
CRI1001,2024,2023,TRUE,2018,2099,0,0,5
CRI1006,2024,2011,FALSE,2011,2099,-1336.8318023351912,31749.413841272908,90
CRI1006,2024,2011,TRUE,2011,2099,-242.34160648508274,2789.2780851063826,90
CRI1006,2024,2012,FALSE,2011,2099,-1111.0626008421816,28285.920659598185,90
CRI1006,2024,2012,TRUE,2011,2099,-688.1854004859924,26906.10885252046,90
CRI1006,2024,2013,FALSE,2011,2099,-526.1365260266243,9572.330055805704,90
CRI1006,2024,2013,TRUE,2011,2099,-283.69382158238835,5492.437906723094,90
CRI1006,2024,2014,FALSE,2011,2099,-970.9812551052012,25709.85541309045,90
CRI1006,2024,2014,TRUE,2011,2099,-384.9251843158235,13611.967937222573,90
CRI1006,2024,2015,FALSE,2011,2099,-42.30737515713306,1255.5841921564695,90
CRI1006,2024,2015,TRUE,2011,2099,-332.1262539092531,3968.265778009872,90
CRI1006,2024,2016,FALSE,2011,2099,-238.40055784266045,6454.181385872491,90
CRI1006,2024,2016,TRUE,2011,2099,0,0,90
CRI1006,2024,2017,FALSE,2011,2099,-542.8561916097682,23035.331082471257,90
CRI1006,2024,2017,TRUE,2011,2099,-36.50752626581395,422.8641085350489,90
CRI1006,2024,2018,FALSE,2011,2099,-319.91791026135706,6233.379680042148,90
CRI1006,2024,2018,TRUE,2011,2099,-411.3388225169892,10864.053471239544,90
CRI1006,2024,2019,FALSE,2011,2099,-195.94566091578056,6267.823893932673,90
CRI1006,2024,2019,TRUE,2011,2099,-24.623903213663304,1102.8690300941191,90
CRI1006,2024,2020,FALSE,2011,2099,-26.545796289088877,568.1862765957446,90
CRI1006,2024,2020,TRUE,2011,2099,-290.20664966994144,11665.062111653782,90
CRI1006,2024,2021,FALSE,2011,2099,-819.2996551128144,23723.05448878672,90
CRI1006,2024,2021,TRUE,2011,2099,0,0,90
CRI1006,2024,2022,FALSE,2011,2099,-406.85415087354943,14157.922197045351,90
CRI1006,2024,2022,TRUE,2011,2099,-340.4777905027917,9072.942225128563,90
CRI1006,2024,2023,FALSE,2011,2099,-102.86495425853323,5478.939877422734,90
CRI1006,2024,2023,TRUE,2011,2099,-485.1218052316219,10336.121956518284,90
CRI1009,2024,2019,FALSE,2019,2099,0,0,1
CRI1009,2024,2019,TRUE,2019,2099,0,0,1
CRI1009,2024,2020,FALSE,2019,2099,0,0,1
CRI1009,2024,2020,TRUE,2019,2099,-460.9799499511719,5086.62,1
CRI1009,2024,2021,FALSE,2019,2099,0,0,1
CRI1009,2024,2021,TRUE,2019,2099,0,0,1
CRI1009,2024,2022,FALSE,2019,2099,0,0,1
CRI1009,2024,2022,TRUE,2019,2099,0,0,1
CRI1009,2024,2023,FALSE,2019,2099,-404.43597888946533,9395.920286229159,1
CRI1009,2024,2023,TRUE,2019,2099,0,0,1
CRI1010,2024,2018,FALSE,2018,2099,0,0,36
CRI1010,2024,2018,TRUE,2018,2099,-149.97494961086073,4161.3064655581,36
CRI1010,2024,2019,FALSE,2018,2099,-71.44217616633365,2285.2610091853817,36
CRI1010,2024,2019,TRUE,2018,2099,-8.977923895183363,402.10823331394363,36
CRI1010,2024,2020,FALSE,2018,2099,0,0,36
CRI1010,2024,2020,TRUE,2018,2099,0,0,36
CRI1010,2024,2021,FALSE,2018,2099,-285.67634293907565,9370.601742887606,36
CRI1010,2024,2021,TRUE,2018,2099,0,0,36
CRI1010,2024,2022,FALSE,2018,2099,-52.518438853715594,4694.924702111727,36
CRI1010,2024,2022,TRUE,2018,2099,0,0,36
CRI1010,2024,2023,FALSE,2018,2099,-21.647215767910605,1686.2735929323162,36
CRI1010,2024,2023,TRUE,2018,2099,-176.8763712832802,3768.5705426856857,36
CRI1012,2024,2009,FALSE,2009,2099,-855.9582304343201,28184.365774234706,34
CRI1012,2024,2009,TRUE,2009,2099,-777.7903825808795,23135.315084517228,34
CRI1012,2024,2010,FALSE,2009,2099,-7.614936828613282,8145.51794871795,34
CRI1012,2024,2010,TRUE,2009,2099,-54.21877738757012,2348.8,34
CRI1012,2024,2011,FALSE,2009,2099,-1387.6350520207334,38743.117006563334,34
CRI1012,2024,2011,TRUE,2009,2099,-8.51081261268029,348.6977772624899,34
CRI1012,2024,2012,FALSE,2009,2099,-100.31231611202927,12918.400000000001,34
CRI1012,2024,2012,TRUE,2009,2099,-8.510811634552786,4035.117948717949,34
CRI1012,2024,2013,FALSE,2009,2099,-38.97056188338843,2445.83266462032,34
CRI1012,2024,2013,TRUE,2009,2099,-55.73203844901844,2119.7310655588026,34
CRI1012,2024,2014,FALSE,2009,2099,-1060.5562014457507,19844.84112172226,34
CRI1012,2024,2014,TRUE,2009,2099,-36.49342072315706,493.15823590343,34
CRI1012,2024,2015,FALSE,2009,2099,-73.9930138221154,2195.9400255867554,34
CRI1012,2024,2015,TRUE,2009,2099,-432.3664885300857,5881.807650905675,34
CRI1012,2024,2016,FALSE,2009,2099,-20.8290765224359,301.9813201639597,34
CRI1012,2024,2016,TRUE,2009,2099,0,0,34
CRI1012,2024,2017,FALSE,2009,2099,-1020.3900664891953,26679.028854809432,34
CRI1012,2024,2017,TRUE,2009,2099,-21.948930789262825,480.76979495320654,34
CRI1012,2024,2018,FALSE,2009,2099,0,0,34
CRI1012,2024,2018,TRUE,2009,2099,-719.406464405549,17156.53496958738,34
CRI1012,2024,2019,FALSE,2009,2099,-342.6969870542869,10962.040975027316,34
CRI1012,2024,2019,TRUE,2009,2099,-43.06570199819712,650.1321314917551,34
CRI1012,2024,2020,FALSE,2009,2099,-371.25507843800085,13777.207434761383,34
CRI1012,2024,2020,TRUE,2009,2099,-302.7156614645934,4807.638675926232,34
CRI1012,2024,2021,FALSE,2009,2099,-1969.7969955053088,49274.06761183261,34
CRI1012,2024,2021,TRUE,2009,2099,0,0,34
CRI1012,2024,2022,FALSE,2009,2099,-692.0268875513323,20537.348573541298,34
CRI1012,2024,2022,TRUE,2009,2099,0,0,34
CRI1012,2024,2023,FALSE,2009,2099,-200.3709450746194,10517.68151011237,34
CRI1012,2024,2023,TRUE,2009,2099,-880.3766622298804,21799.645155526712,34
CRI1019,2024,2023,FALSE,2023,2099,0,0,1
CRI1019,2024,2023,TRUE,2023,2099,0,0,1
ECU1015,2024,2008,FALSE,2008,2099,0,0,6
ECU1015,2024,2008,TRUE,2008,2099,0,0,6
ECU1015,2024,2009,FALSE,2008,2099,0,0,6
ECU1015,2024,2009,TRUE,2008,2099,0,0,6
ECU1015,2024,2010,FALSE,2008,2099,0,0,6
ECU1015,2024,2010,TRUE,2008,2099,0,0,6
ECU1015,2024,2011,FALSE,2008,2099,0,0,6
ECU1015,2024,2011,TRUE,2008,2099,0,0,6
ECU1015,2024,2012,FALSE,2008,2099,0,0,6
ECU1015,2024,2012,TRUE,2008,2099,0,0,6
ECU1015,2024,2013,FALSE,2008,2099,0,0,6
ECU1015,2024,2013,TRUE,2008,2099,0,0,6
ECU1015,2024,2014,FALSE,2008,2099,0,0,6
ECU1015,2024,2014,TRUE,2008,2099,0,0,6
ECU1015,2024,2015,FALSE,2008,2099,-27.67767333984375,258.3507170705801,6
ECU1015,2024,2015,TRUE,2008,2099,0,0,6
ECU1015,2024,2016,FALSE,2008,2099,0,0,6
ECU1015,2024,2016,TRUE,2008,2099,0,0,6
ECU1015,2024,2017,FALSE,2008,2099,0,0,6
ECU1015,2024,2017,TRUE,2008,2099,0,0,6
ECU1015,2024,2018,FALSE,2008,2099,0,0,6
ECU1015,2024,2018,TRUE,2008,2099,0,0,6
ECU1015,2024,2019,FALSE,2008,2099,0,0,6
ECU1015,2024,2019,TRUE,2008,2099,0,0,6
ECU1015,2024,2020,FALSE,2008,2099,0,0,6
ECU1015,2024,2020,TRUE,2008,2099,0,0,6
ECU1015,2024,2021,FALSE,2008,2099,0,0,6
ECU1015,2024,2021,TRUE,2008,2099,0,0,6
ECU1015,2024,2022,FALSE,2008,2099,0,0,6
ECU1015,2024,2022,TRUE,2008,2099,0,0,6
ECU1015,2024,2023,FALSE,2008,2099,0,0,6
ECU1015,2024,2023,TRUE,2008,2099,0,0,6
ECU1022,2024,2016,FALSE,2016,2099,-222.13892438518468,7169.392756669841,78
ECU1022,2024,2016,TRUE,2016,2099,-144.46801569924426,963.3750000000002,78
ECU1022,2024,2017,FALSE,2016,2099,-328.38655558984675,7892.0587502970075,78
ECU1022,2024,2017,TRUE,2016,2099,-99.21007263126658,2503.9827674381545,78
ECU1022,2024,2018,FALSE,2016,2099,0,0,78
ECU1022,2024,2018,TRUE,2016,2099,-53.031666065329944,2896.7685265886876,78
ECU1022,2024,2019,FALSE,2016,2099,-215.0093081282146,5899.848763264293,78
ECU1022,2024,2019,TRUE,2016,2099,0,0,78
ECU1022,2024,2020,FALSE,2016,2099,-710.0972559914661,9405.886549346818,78
ECU1022,2024,2020,TRUE,2016,2099,0,0,78
ECU1022,2024,2021,FALSE,2016,2099,-251.8556986282121,5665.220149253732,78
ECU1022,2024,2021,TRUE,2016,2099,-141.90614579328852,2190.3600746268658,78
ECU1022,2024,2022,FALSE,2016,2099,-7.058305615809427,6388.949626865672,78
ECU1022,2024,2022,TRUE,2016,2099,0,0,78
ECU1022,2024,2023,FALSE,2016,2099,-225.33413518720602,7295.3328257247485,78
ECU1022,2024,2023,TRUE,2016,2099,-55.10302715337099,2811.3549191290103,78
ECU1023,2024,2006,FALSE,2006,2099,0,0,4
ECU1023,2024,2006,TRUE,2006,2099,0,0,4
ECU1023,2024,2007,FALSE,2006,2099,0,0,4
ECU1023,2024,2007,TRUE,2006,2099,0,0,4
ECU1023,2024,2008,FALSE,2006,2099,0,0,4
ECU1023,2024,2008,TRUE,2006,2099,0,0,4
ECU1023,2024,2009,FALSE,2006,2099,-78.38944915771485,409.35433639978334,4
ECU1023,2024,2009,TRUE,2006,2099,0,0,4
ECU1023,2024,2010,FALSE,2006,2099,0,0,4
ECU1023,2024,2010,TRUE,2006,2099,0,0,4
ECU1023,2024,2011,FALSE,2006,2099,-13.780606197781035,71.96314001301043,4
ECU1023,2024,2011,TRUE,2006,2099,0,0,4
ECU1023,2024,2012,FALSE,2006,2099,0,0,4
ECU1023,2024,2012,TRUE,2006,2099,0,0,4
ECU1023,2024,2013,FALSE,2006,2099,0,0,4
ECU1023,2024,2013,TRUE,2006,2099,0,0,4
ECU1023,2024,2014,FALSE,2006,2099,0,0,4
ECU1023,2024,2014,TRUE,2006,2099,0,0,4
ECU1023,2024,2015,FALSE,2006,2099,0,0,4
ECU1023,2024,2015,TRUE,2006,2099,0,0,4
ECU1023,2024,2016,FALSE,2006,2099,0,0,4
ECU1023,2024,2016,TRUE,2006,2099,0,0,4
ECU1023,2024,2017,FALSE,2006,2099,0,0,4
ECU1023,2024,2017,TRUE,2006,2099,0,0,4
ECU1023,2024,2018,FALSE,2006,2099,0,0,4
ECU1023,2024,2018,TRUE,2006,2099,0,0,4
ECU1023,2024,2019,FALSE,2006,2099,-16.053035736083984,83.82990136498405,4
ECU1023,2024,2019,TRUE,2006,2099,0,0,4
ECU1023,2024,2020,FALSE,2006,2099,0,0,4
ECU1023,2024,2020,TRUE,2006,2099,0,0,4
ECU1023,2024,2021,FALSE,2006,2099,0,0,4
ECU1023,2024,2021,TRUE,2006,2099,0,0,4
ECU1023,2024,2022,FALSE,2006,2099,0,0,4
ECU1023,2024,2022,TRUE,2006,2099,0,0,4
ECU1023,2024,2023,FALSE,2006,2099,0,0,4
ECU1023,2024,2023,TRUE,2006,2099,0,0,4
ECU1024,2024,2018,FALSE,2018,2099,-219.81006552809376,10558.540726162817,90
ECU1024,2024,2018,TRUE,2018,2099,0,0,90
ECU1024,2024,2019,FALSE,2018,2099,0,0,90
ECU1024,2024,2019,TRUE,2018,2099,0,0,90
ECU1024,2024,2020,FALSE,2018,2099,-379.68338639453304,10492.732931286619,90
ECU1024,2024,2020,TRUE,2018,2099,-1198.7230701042433,16496.72816789124,90
ECU1024,2024,2021,FALSE,2018,2099,-1747.1357388920703,29188.64022312298,90
ECU1024,2024,2021,TRUE,2018,2099,-1052.033565699044,21692.718680247366,90
ECU1024,2024,2022,FALSE,2018,2099,0,0,90
ECU1024,2024,2022,TRUE,2018,2099,0,0,90
ECU1024,2024,2023,FALSE,2018,2099,-771.547244322502,34057.615550847455,90
ECU1024,2024,2023,TRUE,2018,2099,-1092.708457201214,24178.509770493158,90
ECU1025,2024,2019,FALSE,2019,2099,0,0,14
ECU1025,2024,2019,TRUE,2019,2099,0,0,14
ECU1025,2024,2020,FALSE,2019,2099,-47.12375005086263,620.7042199508129,14
ECU1025,2024,2020,TRUE,2019,2099,0,0,14
ECU1025,2024,2021,FALSE,2019,2099,-413.02948296070105,13334.333333333334,14
ECU1025,2024,2021,TRUE,2019,2099,0,0,14
ECU1025,2024,2022,FALSE,2019,2099,0,0,14
ECU1025,2024,2022,TRUE,2019,2099,0,0,14
ECU1025,2024,2023,FALSE,2019,2099,-276.03617906570435,14334.545780049188,14
ECU1025,2024,2023,TRUE,2019,2099,0,0,14
ECU1027,2024,2006,FALSE,2006,2099,0,0,37
ECU1027,2024,2006,TRUE,2006,2099,-303.7773529258934,9954.451643558834,37
ECU1027,2024,2007,FALSE,2006,2099,-141.43847981014767,2998.745943396912,37
ECU1027,2024,2007,TRUE,2006,2099,0,0,37
ECU1027,2024,2008,FALSE,2006,2099,0,0,37
ECU1027,2024,2008,TRUE,2006,2099,-22.86732531882621,609.0435913804038,37
ECU1027,2024,2009,FALSE,2006,2099,0,0,37
ECU1027,2024,2009,TRUE,2006,2099,-46.648096651644316,1315.418195686048,37
ECU1027,2024,2010,FALSE,2006,2099,-237.14642009219605,6096.748002749865,37
ECU1027,2024,2010,TRUE,2006,2099,-21.115395829484267,545.2720705403742,37
ECU1027,2024,2011,FALSE,2006,2099,0,0,37
ECU1027,2024,2011,TRUE,2006,2099,0,0,37
ECU1027,2024,2012,FALSE,2006,2099,-17.567298476760453,436.6782261782144,37
ECU1027,2024,2012,TRUE,2006,2099,0,0,37
ECU1027,2024,2013,FALSE,2006,2099,-18.133985158559437,503.15435043726495,37
ECU1027,2024,2013,TRUE,2006,2099,0,0,37
ECU1027,2024,2014,FALSE,2006,2099,0,0,37
ECU1027,2024,2014,TRUE,2006,2099,-426.6216343802374,13349.024409989022,37
ECU1027,2024,2015,FALSE,2006,2099,0,0,37
ECU1027,2024,2015,TRUE,2006,2099,0,0,37
ECU1027,2024,2016,FALSE,2006,2099,-98.30106941429344,2708.9607298143383,37
ECU1027,2024,2016,TRUE,2006,2099,-141.2162162162162,4100.189814810471,37
ECU1027,2024,2017,FALSE,2006,2099,-691.7453783911627,16119.054390914323,37
ECU1027,2024,2017,TRUE,2006,2099,0,0,37
ECU1027,2024,2018,FALSE,2006,2099,0,0,37
ECU1027,2024,2018,TRUE,2006,2099,0,0,37
ECU1027,2024,2019,FALSE,2006,2099,0,0,37
ECU1027,2024,2019,TRUE,2006,2099,0,0,37
ECU1027,2024,2020,FALSE,2006,2099,-21.115395829484267,493.88097107181204,37
ECU1027,2024,2020,TRUE,2006,2099,-570.8108076211569,16014.75571936805,37
ECU1027,2024,2021,FALSE,2006,2099,0,0,37
ECU1027,2024,2021,TRUE,2006,2099,0,0,37
ECU1027,2024,2022,FALSE,2006,2099,-49.6561040749421,1509.921965451002,37
ECU1027,2024,2022,TRUE,2006,2099,-3.854667044974662,123.59611365095402,37
ECU1027,2024,2023,FALSE,2006,2099,0,0,37
ECU1027,2024,2023,TRUE,2006,2099,0,0,37
ECU1029,2024,2016,FALSE,2016,2099,-2893.47493899185,113415.670443246,113
ECU1029,2024,2016,TRUE,2016,2099,-174.18852591725576,6837.012864794162,113
ECU1029,2024,2017,FALSE,2016,2099,-770.3741786585445,30742.975735724907,113
ECU1029,2024,2017,TRUE,2016,2099,-23412.18386408713,873053.8165412646,113
ECU1029,2024,2018,FALSE,2016,2099,-1159.2966056925004,139366.63529269834,113
ECU1029,2024,2018,TRUE,2016,2099,0,0,113
ECU1029,2024,2019,FALSE,2016,2099,-5502.794003241885,256707.04404302227,113
ECU1029,2024,2019,TRUE,2016,2099,0,0,113
ECU1029,2024,2020,FALSE,2016,2099,-4483.049365896039,177967.31935498797,113
ECU1029,2024,2020,TRUE,2016,2099,-8320.70774287671,265056.51150479587,113
ECU1029,2024,2021,FALSE,2016,2099,-5744.684536115257,220731.3964186546,113
ECU1029,2024,2021,TRUE,2016,2099,0,0,113
ECU1029,2024,2022,FALSE,2016,2099,-7278.347996407905,420682.00653043407,113
ECU1029,2024,2022,TRUE,2016,2099,0,0,113
ECU1029,2024,2023,FALSE,2016,2099,-985.1084449227931,128781.04764857655,113
ECU1029,2024,2023,TRUE,2016,2099,-12762.832345270475,524485.0416802905,113
ECU1042,2024,2008,FALSE,2008,2099,0,0,41
ECU1042,2024,2008,TRUE,2008,2099,0,0,41
ECU1042,2024,2009,FALSE,2008,2099,-12.989576293200981,188.041223988299,41
ECU1042,2024,2009,TRUE,2008,2099,0,0,41
ECU1042,2024,2010,FALSE,2008,2099,0,0,41
ECU1042,2024,2010,TRUE,2008,2099,0,0,41
ECU1042,2024,2011,FALSE,2008,2099,0,0,41
ECU1042,2024,2011,TRUE,2008,2099,0,0,41
ECU1042,2024,2012,FALSE,2008,2099,-188.6885736511975,2226.1956931058294,41
ECU1042,2024,2012,TRUE,2008,2099,0,0,41
ECU1042,2024,2013,FALSE,2008,2099,-109.64336687181054,937.1137346407543,41
ECU1042,2024,2013,TRUE,2008,2099,0,0,41
ECU1042,2024,2014,FALSE,2008,2099,-389.36757631999694,4091.1759144449816,41
ECU1042,2024,2014,TRUE,2008,2099,-308.3695180997616,5892.845119402765,41
ECU1042,2024,2015,FALSE,2008,2099,-187.92505916444267,2349.337329976141,41
ECU1042,2024,2015,TRUE,2008,2099,0,0,41
ECU1042,2024,2016,FALSE,2008,2099,-287.8503611669308,4242.281500279033,41
ECU1042,2024,2016,TRUE,2008,2099,0,0,41
ECU1042,2024,2017,FALSE,2008,2099,0,0,41
ECU1042,2024,2017,TRUE,2008,2099,0,0,41
ECU1042,2024,2018,FALSE,2008,2099,-19.681170114656773,197.35590381702755,41
ECU1042,2024,2018,TRUE,2008,2099,0,0,41
ECU1042,2024,2019,FALSE,2008,2099,0,0,41
ECU1042,2024,2019,TRUE,2008,2099,0,0,41
ECU1042,2024,2020,FALSE,2008,2099,-32.005507364505675,378.86173621044134,41
ECU1042,2024,2020,TRUE,2008,2099,0,0,41
ECU1042,2024,2021,FALSE,2008,2099,-160.64027254174397,1642.2023773585986,41
ECU1042,2024,2021,TRUE,2008,2099,0,0,41
ECU1042,2024,2022,FALSE,2008,2099,0,0,41
ECU1042,2024,2022,TRUE,2008,2099,0,0,41
ECU1042,2024,2023,FALSE,2008,2099,0,0,41
ECU1042,2024,2023,TRUE,2008,2099,0,0,41
ECU1049,2024,2007,FALSE,2007,2099,-981.6473905563355,20425.62818264638,30
ECU1049,2024,2007,TRUE,2007,2099,-3944.935497093201,87937.15080445737,30
ECU1049,2024,2008,FALSE,2007,2099,-842.2416843414306,18606.802411262903,30
ECU1049,2024,2008,TRUE,2007,2099,-174.3165466308594,3685.210725827338,30
ECU1049,2024,2009,FALSE,2007,2099,0,0,30
ECU1049,2024,2009,TRUE,2007,2099,0,0,30
ECU1049,2024,2010,FALSE,2007,2099,0,0,30
ECU1049,2024,2010,TRUE,2007,2099,0,0,30
ECU1049,2024,2011,FALSE,2007,2099,-198.1408887863159,10025.010968324983,30
ECU1049,2024,2011,TRUE,2007,2099,0,0,30
ECU1049,2024,2012,FALSE,2007,2099,-565.6793551206589,21610.858621420728,30
ECU1049,2024,2012,TRUE,2007,2099,0,0,30
ECU1049,2024,2013,FALSE,2007,2099,-1861.0641770601273,48739.55439803943,30
ECU1049,2024,2013,TRUE,2007,2099,-841.2375431060791,21139.63930460857,30
ECU1049,2024,2014,FALSE,2007,2099,-533.3685892105103,21740.224355319388,30
ECU1049,2024,2014,TRUE,2007,2099,-475.9197325706482,14142.423284994858,30
ECU1049,2024,2015,FALSE,2007,2099,0,0,30
ECU1049,2024,2015,TRUE,2007,2099,0,0,30
ECU1049,2024,2016,FALSE,2007,2099,-215.61617431640624,4810.918398399261,30
ECU1049,2024,2016,TRUE,2007,2099,-374.5789291381836,8720.03096343056,30
ECU1049,2024,2017,FALSE,2007,2099,-1520.7285122394562,64379.206929502376,30
ECU1049,2024,2017,TRUE,2007,2099,-853.0325988769531,21300.572898754035,30
ECU1049,2024,2018,FALSE,2007,2099,-151.54995460510256,3304.121655438401,30
ECU1049,2024,2018,TRUE,2007,2099,0,0,30
ECU1049,2024,2019,FALSE,2007,2099,-32.55344200134277,3728.7785368450186,30
ECU1049,2024,2019,TRUE,2007,2099,0,0,30
ECU1049,2024,2020,FALSE,2007,2099,-182.3311466217041,20884.810463154983,30
ECU1049,2024,2020,TRUE,2007,2099,0,0,30
ECU1049,2024,2021,FALSE,2007,2099,0,0,30
ECU1049,2024,2021,TRUE,2007,2099,0,0,30
ECU1049,2024,2022,FALSE,2007,2099,-962.4794057846069,17836.527123909073,30
ECU1049,2024,2022,TRUE,2007,2099,-163.4176986694336,3723.5832610581883,30
ECU1049,2024,2023,FALSE,2007,2099,0,0,30
ECU1049,2024,2023,TRUE,2007,2099,0,0,30
ECU1050,2024,2020,FALSE,2020,2099,-574.3392474531988,16987.97172710276,1159
ECU1050,2024,2020,TRUE,2020,2099,-1030.7534673163304,45145.96406688119,1159
ECU1050,2024,2021,FALSE,2020,2099,-731.2452297332816,28650.05113569087,1159
ECU1050,2024,2021,TRUE,2020,2099,-322.3422382331699,11788.934331020966,1159
ECU1050,2024,2022,FALSE,2020,2099,-1439.4537768873956,59390.76768683041,1159
ECU1050,2024,2022,TRUE,2020,2099,-299.6814563953002,10552.442167500787,1159
ECU1050,2024,2023,FALSE,2020,2099,-116.65192595724453,7501.619340716766,1159
ECU1050,2024,2023,TRUE,2020,2099,0,0,1159
ECU1051,2024,2020,FALSE,2020,2099,-1869.6638738640531,87513.97964595382,1024
ECU1051,2024,2020,TRUE,2020,2099,-798.4360385878117,41476.01464227099,1024
ECU1051,2024,2021,FALSE,2020,2099,-820.0482993979641,40036.584726305446,1024
ECU1051,2024,2021,TRUE,2020,2099,-1423.4721232918153,63654.34592821159,1024
ECU1051,2024,2022,FALSE,2020,2099,-4022.870615996648,162083.25541360423,1024
ECU1051,2024,2022,TRUE,2020,2099,-891.9125507804504,26376.12571456335,1024
ECU1051,2024,2023,FALSE,2020,2099,-2734.061661599505,125711.82844029753,1024
ECU1051,2024,2023,TRUE,2020,2099,-863.9289562775058,31781.50014101152,1024
ECU1054,2024,2021,FALSE,2021,2099,0,0,45
ECU1054,2024,2021,TRUE,2021,2099,0,0,45
ECU1054,2024,2022,FALSE,2021,2099,0,0,45
ECU1054,2024,2022,TRUE,2021,2099,0,0,45
ECU1054,2024,2023,FALSE,2021,2099,0,0,45
ECU1054,2024,2023,TRUE,2021,2099,0,0,45
ECU1057,2024,2022,FALSE,2022,2099,-2332.154179329568,90380.6593967436,141
ECU1057,2024,2022,TRUE,2022,2099,-2603.085988328812,75217.4008141224,141
ECU1057,2024,2023,FALSE,2022,2099,-174.36501168190165,6139.263238732437,141
ECU1057,2024,2023,TRUE,2022,2099,-1568.1961807798832,74355.0871929899,141
ECU1060,2024,2022,FALSE,2022,2099,-28.28450059890747,16390.40982758621,58
ECU1060,2024,2022,TRUE,2022,2099,0,0,58
ECU1060,2024,2023,FALSE,2022,2099,0,0,58
ECU1060,2024,2023,TRUE,2022,2099,-2072.4138721597606,97163.77212034649,58
ECU1062,2024,2022,FALSE,2022,2099,-324.24387180478766,16025.792642205564,986
ECU1062,2024,2022,TRUE,2022,2099,-588.1744577084303,21001.910362582938,986
ECU1062,2024,2023,FALSE,2022,2099,-296.6918536567301,14381.440143876258,986
ECU1062,2024,2023,TRUE,2022,2099,0,0,986
ECU1065,2024,2022,FALSE,2022,2099,0,0,34
ECU1065,2024,2022,TRUE,2022,2099,0,0,34
ECU1065,2024,2023,FALSE,2022,2099,0,0,34
ECU1065,2024,2023,TRUE,2022,2099,0,0,34
ECU1071,2024,2023,FALSE,2023,2099,0,0,3
ECU1071,2024,2023,TRUE,2023,2099,0,0,3
ECU1073,2024,2011,FALSE,2011,2099,0,0,3
ECU1073,2024,2011,TRUE,2011,2099,0,0,3
ECU1073,2024,2012,FALSE,2011,2099,-134.5006847381592,3719.876889643363,3
ECU1073,2024,2012,TRUE,2011,2099,-3492.514468034109,54710.17137067279,3
ECU1073,2024,2013,FALSE,2011,2099,-530.886782805125,13216.96232227899,3
ECU1073,2024,2013,TRUE,2011,2099,0,0,3
ECU1073,2024,2014,FALSE,2011,2099,0,0,3
ECU1073,2024,2014,TRUE,2011,2099,0,0,3
ECU1073,2024,2015,FALSE,2011,2099,0,0,3
ECU1073,2024,2015,TRUE,2011,2099,0,0,3
ECU1073,2024,2016,FALSE,2011,2099,0,0,3
ECU1073,2024,2016,TRUE,2011,2099,0,0,3
ECU1073,2024,2017,FALSE,2011,2099,0,0,3
ECU1073,2024,2017,TRUE,2011,2099,0,0,3
ECU1073,2024,2018,FALSE,2011,2099,0,0,3
ECU1073,2024,2018,TRUE,2011,2099,0,0,3
ECU1073,2024,2019,FALSE,2011,2099,0,0,3
ECU1073,2024,2019,TRUE,2011,2099,0,0,3
ECU1073,2024,2020,FALSE,2011,2099,-1300.188986460368,24449.960395411337,3
ECU1073,2024,2020,TRUE,2011,2099,0,0,3
ECU1073,2024,2021,FALSE,2011,2099,0,0,3
ECU1073,2024,2021,TRUE,2011,2099,0,0,3
ECU1073,2024,2022,FALSE,2011,2099,0,0,3
ECU1073,2024,2022,TRUE,2011,2099,0,0,3
ECU1073,2024,2023,FALSE,2011,2099,0,0,3
ECU1073,2024,2023,TRUE,2011,2099,0,0,3
GUY1018,2024,2020,FALSE,2020,2099,0,0,28
GUY1018,2024,2020,TRUE,2020,2099,0,0,28
GUY1018,2024,2021,FALSE,2020,2099,0,0,28
GUY1018,2024,2021,TRUE,2020,2099,0,0,28
GUY1018,2024,2022,FALSE,2020,2099,0,0,28
GUY1018,2024,2022,TRUE,2020,2099,0,0,28
GUY1018,2024,2023,FALSE,2020,2099,0,0,28
GUY1018,2024,2023,TRUE,2020,2099,0,0,28
GUY1020,2024,2020,FALSE,2020,2099,-1532.4695364659833,44933.92421274645,186
GUY1020,2024,2020,TRUE,2020,2099,-3086.0322712621382,94511.94360014834,186
GUY1020,2024,2021,FALSE,2020,2099,-1742.674436376941,65957.2926482424,186
GUY1020,2024,2021,TRUE,2020,2099,-202.86205757817916,22689.01037882798,186
GUY1020,2024,2022,FALSE,2020,2099,-855.322471949362,21776.30217191504,186
GUY1020,2024,2022,TRUE,2020,2099,0,0,186
GUY1020,2024,2023,FALSE,2020,2099,0,0,186
GUY1020,2024,2023,TRUE,2020,2099,0,0,186
GUY1021,2024,2020,FALSE,2020,2099,0,0,4
GUY1021,2024,2020,TRUE,2020,2099,0,0,4
GUY1021,2024,2021,FALSE,2020,2099,0,0,4
GUY1021,2024,2021,TRUE,2020,2099,0,0,4
GUY1021,2024,2022,FALSE,2020,2099,0,0,4
GUY1021,2024,2022,TRUE,2020,2099,0,0,4
GUY1021,2024,2023,FALSE,2020,2099,0,0,4
GUY1021,2024,2023,TRUE,2020,2099,0,0,4
GUY1022,2024,2020,FALSE,2020,2099,0,0,6
GUY1022,2024,2020,TRUE,2020,2099,0,0,6
GUY1022,2024,2021,FALSE,2020,2099,0,0,6
GUY1022,2024,2021,TRUE,2020,2099,0,0,6
GUY1022,2024,2022,FALSE,2020,2099,0,0,6
GUY1022,2024,2022,TRUE,2020,2099,0,0,6
GUY1022,2024,2023,FALSE,2020,2099,0,0,6
GUY1022,2024,2023,TRUE,2020,2099,0,0,6
GUY1023,2024,2020,FALSE,2020,2099,0,0,4
GUY1023,2024,2020,TRUE,2020,2099,0,0,4
GUY1023,2024,2021,FALSE,2020,2099,0,0,4
GUY1023,2024,2021,TRUE,2020,2099,0,0,4
GUY1023,2024,2022,FALSE,2020,2099,0,0,4
GUY1023,2024,2022,TRUE,2020,2099,0,0,4
GUY1023,2024,2023,FALSE,2020,2099,0,0,4
GUY1023,2024,2023,TRUE,2020,2099,0,0,4
GUY1024,2024,2020,FALSE,2020,2099,0,0,49
GUY1024,2024,2020,TRUE,2020,2099,-185.18856858234017,5161.126149384987,49
GUY1024,2024,2021,FALSE,2020,2099,-187.05920067612007,6061.859163030415,49
GUY1024,2024,2021,TRUE,2020,2099,0,0,49
GUY1024,2024,2022,FALSE,2020,2099,-2112.8098952624264,50141.60681521066,49
GUY1024,2024,2022,TRUE,2020,2099,0,0,49
GUY1024,2024,2023,FALSE,2020,2099,0,0,49
GUY1024,2024,2023,TRUE,2020,2099,-157.38399766415966,15761.899630706783,49
GUY1038,2024,2022,FALSE,2022,2099,0,0,2
GUY1038,2024,2022,TRUE,2022,2099,0,0,2
GUY1038,2024,2023,FALSE,2022,2099,0,0,2
GUY1038,2024,2023,TRUE,2022,2099,0,0,2
GUY1040,2024,2022,FALSE,2022,2099,0,0,21
GUY1040,2024,2022,TRUE,2022,2099,0,0,21
GUY1040,2024,2023,FALSE,2022,2099,0,0,21
GUY1040,2024,2023,TRUE,2022,2099,0,0,21
GUY1042,2024,2022,FALSE,2022,2099,-1468.9609818709523,50738.1071863645,19
GUY1042,2024,2022,TRUE,2022,2099,0,0,19
GUY1042,2024,2023,FALSE,2022,2099,0,0,19
GUY1042,2024,2023,TRUE,2022,2099,0,0,19
GUY1046,2024,2022,FALSE,2022,2099,0,0,15
GUY1046,2024,2022,TRUE,2022,2099,0,0,15
GUY1046,2024,2023,FALSE,2022,2099,0,0,15
GUY1046,2024,2023,TRUE,2022,2099,0,0,15
IDN1002,2024,2008,FALSE,2008,2024,-340.24287935363964,22180.056452457946,254
IDN1002,2024,2008,TRUE,2008,2024,-384.99712230652335,14640.454590306288,254
IDN1002,2024,2009,FALSE,2008,2024,-1106.330697205123,40028.523235055625,254
IDN1002,2024,2009,TRUE,2008,2024,-1023.0837296989021,40425.717425130344,254
IDN1002,2024,2010,FALSE,2008,2024,-1944.8889773886974,70500.80151762236,254
IDN1002,2024,2010,TRUE,2008,2024,-92.10498073908288,2587.7234185079474,254
IDN1002,2024,2011,FALSE,2008,2024,-841.3051457836872,34536.05361554396,254
IDN1002,2024,2011,TRUE,2008,2024,-216.76523314498542,8469.646149525428,254
IDN1002,2024,2012,FALSE,2008,2024,-1242.2648309441063,47435.22533660284,254
IDN1002,2024,2012,TRUE,2008,2024,-450.0713449838593,17523.75979512735,254
IDN1002,2024,2013,FALSE,2008,2024,-114.3812957035275,4347.733060499923,254
IDN1002,2024,2013,TRUE,2008,2024,0,0,254
IDN1002,2024,2014,FALSE,2008,2024,-294.0839905776377,14995.815178566188,254
IDN1002,2024,2014,TRUE,2008,2024,-504.2638013123527,21587.854848290088,254
IDN1002,2024,2015,FALSE,2008,2024,-174.0210434573842,13980.151588594435,254
IDN1002,2024,2015,TRUE,2008,2024,-9.756998287411186,76.94643989638644,254
IDN1002,2024,2016,FALSE,2008,2024,-1467.0765306963694,57032.88056086943,254
IDN1002,2024,2016,TRUE,2008,2024,-700.9644760334586,22785.768988159114,254
IDN1002,2024,2017,FALSE,2008,2024,-1433.7929634024779,52534.90665197792,254
IDN1002,2024,2017,TRUE,2008,2024,-2888.799826701326,119774.39443302335,254
IDN1002,2024,2018,FALSE,2008,2024,-40.1631756528156,3538.4735125890834,254
IDN1002,2024,2018,TRUE,2008,2024,-41.127643667806794,1346.3842913385827,254
IDN1002,2024,2019,FALSE,2008,2024,-133.23217888328972,3262.8824644397146,254
IDN1002,2024,2019,TRUE,2008,2024,-347.836835666435,7536.414108315851,254
IDN1002,2024,2020,FALSE,2008,2024,-353.49759825055054,14828.48190669836,254
IDN1002,2024,2020,TRUE,2008,2024,-836.5267361374351,31945.437114924753,254
IDN1002,2024,2021,FALSE,2008,2024,-1112.4071437908908,39442.14427756002,254
IDN1002,2024,2021,TRUE,2008,2024,-103.36125537260311,2840.86602178999,254
IDN1002,2024,2022,FALSE,2008,2024,-931.957378892448,44624.2578059844,254
IDN1002,2024,2022,TRUE,2008,2024,-190.91766684918892,7273.796705894076,254
IDN1002,2024,2023,FALSE,2008,2024,-500.3626880749004,16887.204857443987,254
IDN1002,2024,2023,TRUE,2008,2024,-470.65799547978276,14876.927989979393,254
IDN1144,2024,2020,FALSE,2020,2024,0,0,13
IDN1144,2024,2020,TRUE,2020,2024,-1643.0142641067505,129771.80655069642,13
IDN1144,2024,2021,FALSE,2020,2024,-5868.939399719238,424933.09013299225,13
IDN1144,2024,2021,TRUE,2020,2024,0,0,13
IDN1144,2024,2022,FALSE,2020,2024,0,0,13
IDN1144,2024,2022,TRUE,2020,2024,-1622.6028442382813,350519.2602240994,13
IDN1144,2024,2023,FALSE,2020,2024,-1207.2150230407715,107347.49999999999,13
IDN1144,2024,2023,TRUE,2020,2024,-3961.1780166625977,418383.87236896716,13
IDN1145,2024,2020,FALSE,2020,2024,-10385.4638671875,450601.6821145302,12
IDN1145,2024,2020,TRUE,2020,2024,0,0,12
IDN1145,2024,2021,FALSE,2020,2024,-3436.4679361979165,106598.00884195707,12
IDN1145,2024,2021,TRUE,2020,2024,0,0,12
IDN1145,2024,2022,FALSE,2020,2024,-2102.5253804524737,342875.8666666666,12
IDN1145,2024,2022,TRUE,2020,2024,0,0,12
IDN1145,2024,2023,FALSE,2020,2024,0,0,12
IDN1145,2024,2023,TRUE,2020,2024,0,0,12
IDN1146,2024,2020,FALSE,2020,2024,-322.88990020751953,14009.45918563989,32
IDN1146,2024,2020,TRUE,2020,2024,-62.49534226953983,8177.160051909643,32
IDN1146,2024,2021,FALSE,2020,2024,-174.5293064415455,13152.86124567906,32
IDN1146,2024,2021,TRUE,2020,2024,0,0,32
IDN1146,2024,2022,FALSE,2020,2024,-85.99437713623047,36863.4296875,32
IDN1146,2024,2022,TRUE,2020,2024,0,0,32
IDN1146,2024,2023,FALSE,2020,2024,-239.65175181627274,13507.89375,32
IDN1146,2024,2023,TRUE,2020,2024,-115.8976262807846,20444.302724174227,32
IDN1148,2024,2020,FALSE,2020,2024,-485.6775929263876,26663.312009836456,158
IDN1148,2024,2020,TRUE,2020,2024,-124.49931484838076,5015.08181496091,158
IDN1148,2024,2021,FALSE,2020,2024,-771.2057202164132,34645.498515493346,158
IDN1148,2024,2021,TRUE,2020,2024,0,0,158
IDN1148,2024,2022,FALSE,2020,2024,-248.50660810893098,29469.50598976569,158
IDN1148,2024,2022,TRUE,2020,2024,-405.10809791239006,38647.17244774751,158
IDN1148,2024,2023,FALSE,2020,2024,-178.12535488454603,7204.042434808296,158
IDN1148,2024,2023,TRUE,2020,2024,-510.54369246808795,42364.31729262438,158
IDN1152,2024,2016,FALSE,2016,2099,-1860.255568577693,14150.66837833935,26
IDN1152,2024,2016,TRUE,2016,2099,-2693.670887837043,112274.27545977337,26
IDN1152,2024,2017,FALSE,2016,2099,-2420.298043049299,259055.2491744462,26
IDN1152,2024,2017,TRUE,2016,2099,-473.34488706405347,179209.74268317645,26
IDN1152,2024,2018,FALSE,2016,2099,-1058.2557151134197,28467.72700183805,26
IDN1152,2024,2018,TRUE,2016,2099,0,0,26
IDN1152,2024,2019,FALSE,2016,2099,-2683.663629962848,105573.28796373472,26
IDN1152,2024,2019,TRUE,2016,2099,0,0,26
IDN1152,2024,2020,FALSE,2016,2099,-2167.006510331081,121456.14951373599,26
IDN1152,2024,2020,TRUE,2016,2099,-467.7132238241343,70262.31555917721,26
IDN1152,2024,2021,FALSE,2016,2099,-1987.1653279891382,97685.12795331162,26
IDN1152,2024,2021,TRUE,2016,2099,-1874.0218586646595,135616.70477491373,26
IDN1152,2024,2022,FALSE,2016,2099,-2564.5462784033557,74075.87570500537,26
IDN1152,2024,2022,TRUE,2016,2099,-2474.3570976257324,78072.70179631998,26
IDN1152,2024,2023,FALSE,2016,2099,-1860.255568577693,12397.786685828647,26
IDN1152,2024,2023,TRUE,2016,2099,-4031.5450077882183,142309.64428273597,26
IDN1153,2024,2016,FALSE,2016,2099,-1416.9016475677493,63694.685000000005,4
IDN1153,2024,2016,TRUE,2016,2099,-11011.802182197573,359665.97727014957,4
IDN1153,2024,2017,FALSE,2016,2099,0,0,4
IDN1153,2024,2017,TRUE,2016,2099,-8082.464544296266,322184.6513424248,4
IDN1153,2024,2018,FALSE,2016,2099,0,0,4
IDN1153,2024,2018,TRUE,2016,2099,0,0,4
IDN1153,2024,2019,FALSE,2016,2099,-1447.7039299011233,402013.63500000007,4
IDN1153,2024,2019,TRUE,2016,2099,-1478.7241811752322,42038.52138742571,4
IDN1153,2024,2020,FALSE,2016,2099,0,0,4
IDN1153,2024,2020,TRUE,2016,2099,0,0,4
IDN1153,2024,2021,FALSE,2016,2099,-264.28169250488287,51333.33903835083,4
IDN1153,2024,2021,TRUE,2016,2099,0,0,4
IDN1153,2024,2022,FALSE,2016,2099,0,0,4
IDN1153,2024,2022,TRUE,2016,2099,0,0,4
IDN1153,2024,2023,FALSE,2016,2099,0,0,4
IDN1153,2024,2023,TRUE,2016,2099,0,0,4
IDN1154,2024,2016,FALSE,2016,2099,0,0,2
IDN1154,2024,2016,TRUE,2016,2099,0,0,2
IDN1154,2024,2017,FALSE,2016,2099,0,0,2
IDN1154,2024,2017,TRUE,2016,2099,0,0,2
IDN1154,2024,2018,FALSE,2016,2099,0,0,2
IDN1154,2024,2018,TRUE,2016,2099,0,0,2
IDN1154,2024,2019,FALSE,2016,2099,0,0,2
IDN1154,2024,2019,TRUE,2016,2099,0,0,2
IDN1154,2024,2020,FALSE,2016,2099,0,0,2
IDN1154,2024,2020,TRUE,2016,2099,0,0,2
IDN1154,2024,2021,FALSE,2016,2099,0,0,2
IDN1154,2024,2021,TRUE,2016,2099,0,0,2
IDN1154,2024,2022,FALSE,2016,2099,0,0,2
IDN1154,2024,2022,TRUE,2016,2099,0,0,2
IDN1154,2024,2023,FALSE,2016,2099,0,0,2
IDN1154,2024,2023,TRUE,2016,2099,0,0,2
IDN1165,2024,2020,FALSE,2020,2024,-284.1966133117676,11345.35506698719,51
IDN1165,2024,2020,TRUE,2020,2024,-308.79343485832214,18344.602941176472,51
IDN1165,2024,2021,FALSE,2020,2024,0,0,51
IDN1165,2024,2021,TRUE,2020,2024,0,0,51
IDN1165,2024,2022,FALSE,2020,2024,-310.49268301795513,11214.260577232946,51
IDN1165,2024,2022,TRUE,2020,2024,0,0,51
IDN1165,2024,2023,FALSE,2020,2024,0,0,51
IDN1165,2024,2023,TRUE,2020,2024,-403.55963179644414,18918.7724290057,51
IDN1167,2024,2020,FALSE,2020,2024,0,0,5
IDN1167,2024,2020,TRUE,2020,2024,-272.8724670410156,8871.59828520945,5
IDN1167,2024,2021,FALSE,2020,2024,0,0,5
IDN1167,2024,2021,TRUE,2020,2024,0,0,5
IDN1167,2024,2022,FALSE,2020,2024,0,0,5
IDN1167,2024,2022,TRUE,2020,2024,0,0,5
IDN1167,2024,2023,FALSE,2020,2024,-62.622677612304685,5310.787764713582,5
IDN1167,2024,2023,TRUE,2020,2024,-525.5171520233154,20007.25863475144,5
IDN1169,2024,2005,FALSE,2005,2099,-216.94895003392148,6557.541841370852,21
IDN1169,2024,2005,TRUE,2005,2099,-16.700815640963043,656.739754455345,21
IDN1169,2024,2006,FALSE,2005,2099,0,0,21
IDN1169,2024,2006,TRUE,2005,2099,0,0,21
IDN1169,2024,2007,FALSE,2005,2099,-6.305425203763522,270.3038254265293,21
IDN1169,2024,2007,TRUE,2005,2099,-179.95952334770791,7111.052455124056,21
IDN1169,2024,2008,FALSE,2005,2099,-171.4020467904898,5124.427168570161,21
IDN1169,2024,2008,TRUE,2005,2099,0,0,21
IDN1169,2024,2009,FALSE,2005,2099,0,0,21
IDN1169,2024,2009,TRUE,2005,2099,-81.69337727473334,3482.3970855990888,21
IDN1169,2024,2010,FALSE,2005,2099,0,0,21
IDN1169,2024,2010,TRUE,2005,2099,-61.84609486506536,4490.829753631379,21
IDN1169,2024,2011,FALSE,2005,2099,-43.98774719238282,1980.0500887718974,21
IDN1169,2024,2011,TRUE,2005,2099,0,0,21
IDN1169,2024,2012,FALSE,2005,2099,-50.26007432204027,1932.8873282162072,21
IDN1169,2024,2012,TRUE,2005,2099,-353.8552480844351,14813.495895382168,21
IDN1169,2024,2013,FALSE,2005,2099,-42.32478684645433,1777.6483921135366,21
IDN1169,2024,2013,TRUE,2005,2099,-162.56687516432544,7954.195646072314,21
IDN1169,2024,2014,FALSE,2005,2099,0,0,21
IDN1169,2024,2014,TRUE,2005,2099,0,0,21
IDN1169,2024,2015,FALSE,2005,2099,-435.17609046055725,14628.341664834103,21
IDN1169,2024,2015,TRUE,2005,2099,-308.79429729168237,14944.100038235389,21
IDN1169,2024,2016,FALSE,2005,2099,-68.65568953294022,2833.105246728443,21
IDN1169,2024,2016,TRUE,2005,2099,-238.54923688448395,8848.29275887418,21
IDN1169,2024,2017,FALSE,2005,2099,0,0,21
IDN1169,2024,2017,TRUE,2005,2099,-31.612415533799396,1243.120723067307,21
IDN1169,2024,2018,FALSE,2005,2099,-215.32048460153436,7116.777020106504,21
IDN1169,2024,2018,TRUE,2005,2099,0,0,21
IDN1169,2024,2019,FALSE,2005,2099,-57.15719780555139,2250.3555417654843,21
IDN1169,2024,2019,TRUE,2005,2099,-121.92516121497522,6029.2586533794065,21
IDN1169,2024,2020,FALSE,2005,2099,0,0,21
IDN1169,2024,2020,TRUE,2005,2099,0,0,21
IDN1169,2024,2021,FALSE,2005,2099,0,0,21
IDN1169,2024,2021,TRUE,2005,2099,-66.00115233201248,3462.261016308084,21
IDN1169,2024,2022,FALSE,2005,2099,0,0,21
IDN1169,2024,2022,TRUE,2005,2099,0,0,21
IDN1169,2024,2023,FALSE,2005,2099,0,0,21
IDN1169,2024,2023,TRUE,2005,2099,0,0,21
IDN1171,2024,2005,FALSE,2005,2099,-494.7078644503718,20582.831110309435,46
IDN1171,2024,2005,TRUE,2005,2099,-303.38835710027945,15697.93009774231,46
IDN1171,2024,2006,FALSE,2005,2099,-600.9567406695822,26580.398870671364,46
IDN1171,2024,2006,TRUE,2005,2099,-72.04616480288298,2401.8835917960323,46
IDN1171,2024,2007,FALSE,2005,2099,0,0,46
IDN1171,2024,2007,TRUE,2005,2099,-207.48147682521656,7912.674181750863,46
IDN1171,2024,2008,FALSE,2005,2099,-350.9040243729301,10249.674282368227,46
IDN1171,2024,2008,TRUE,2005,2099,-469.112068756767,18549.061007684595,46
IDN1171,2024,2009,FALSE,2005,2099,-387.5286670353102,14500.287905678955,46
IDN1171,2024,2009,TRUE,2005,2099,-62.98934275171032,4229.565457618648,46
IDN1171,2024,2010,FALSE,2005,2099,-9.382193523904553,310.8906573416849,46
IDN1171,2024,2010,TRUE,2005,2099,-495.64306876970375,19677.95669971333,46
IDN1171,2024,2011,FALSE,2005,2099,0,0,46
IDN1171,2024,2011,TRUE,2005,2099,-226.02290619974553,11119.877049938288,46
IDN1171,2024,2012,FALSE,2005,2099,-718.5343687430673,25700.122265525497,46
IDN1171,2024,2012,TRUE,2005,2099,-266.01432226015174,11280.749581993005,46
IDN1171,2024,2013,FALSE,2005,2099,-381.45994905285215,14227.98518779787,46
IDN1171,2024,2013,TRUE,2005,2099,-585.8133839938952,25665.908673813883,46
IDN1171,2024,2014,FALSE,2005,2099,-537.0659910647765,21835.829123107807,46
IDN1171,2024,2014,TRUE,2005,2099,-241.58353507000467,16641.8914260778,46
IDN1171,2024,2015,FALSE,2005,2099,-592.6334178344064,16648.579551299954,46
IDN1171,2024,2015,TRUE,2005,2099,-1183.6410546199136,47208.28596173551,46
IDN1171,2024,2016,FALSE,2005,2099,-404.11652598173725,21950.82416937379,46
IDN1171,2024,2016,TRUE,2005,2099,-877.8031994363537,34408.16290343905,46
IDN1171,2024,2017,FALSE,2005,2099,-910.9579925537109,20011.19957821301,46
IDN1171,2024,2017,TRUE,2005,2099,0,0,46
IDN1171,2024,2018,FALSE,2005,2099,-187.37231389854267,7000.377639962182,46
IDN1171,2024,2018,TRUE,2005,2099,-619.116421305615,25057.08323152201,46
IDN1171,2024,2019,FALSE,2005,2099,-509.4201443920965,15411.64032239949,46
IDN1171,2024,2019,TRUE,2005,2099,-1186.1880749308546,41482.58534788928,46
IDN1171,2024,2020,FALSE,2005,2099,0,0,46
IDN1171,2024,2020,TRUE,2005,2099,-41.876828898554265,2154.9728779093707,46
IDN1171,2024,2021,FALSE,2005,2099,0,0,46
IDN1171,2024,2021,TRUE,2005,2099,-107.92586585749751,7823.172492309874,46
IDN1171,2024,2022,FALSE,2005,2099,0,0,46
IDN1171,2024,2022,TRUE,2005,2099,-33.37989666150964,6650.46708143335,46
IDN1171,2024,2023,FALSE,2005,2099,-38.274516603221066,1150.3713933282047,46
IDN1171,2024,2023,TRUE,2005,2099,-523.5776710924895,26688.1936991409,46
IDN1173,2024,2005,FALSE,2005,2099,-58.32081419048887,2580.53051161591,66
IDN1173,2024,2005,TRUE,2005,2099,-4.345889235987808,132.6693978977715,66
IDN1173,2024,2006,FALSE,2005,2099,-572.1870502919861,20895.134475794428,66
IDN1173,2024,2006,TRUE,2005,2099,-150.61206840746328,1927.0768243888745,66
IDN1173,2024,2007,FALSE,2005,2099,-26.534096609462388,1028.421457504791,66
IDN1173,2024,2007,TRUE,2005,2099,-25.700009154550955,2140.937339824934,66
IDN1173,2024,2008,FALSE,2005,2099,-133.29322254296505,2264.7448255105633,66
IDN1173,2024,2008,TRUE,2005,2099,0,0,66
IDN1173,2024,2009,FALSE,2005,2099,-139.915407816569,4733.688333333333,66
IDN1173,2024,2009,TRUE,2005,2099,-152.812045823444,10848.43189049156,66
IDN1173,2024,2010,FALSE,2005,2099,-183.9961363474528,5590.128041939674,66
IDN1173,2024,2010,TRUE,2005,2099,-93.30795072425495,8005.344827771319,66
IDN1173,2024,2011,FALSE,2005,2099,-198.86190333510888,6260.374005624303,66
IDN1173,2024,2011,TRUE,2005,2099,-45.44008798310251,1757.3398086451346,66
IDN1173,2024,2012,FALSE,2005,2099,-116.07332894296357,2952.7940491525123,66
IDN1173,2024,2012,TRUE,2005,2099,-171.92551948084974,6583.998103065141,66
IDN1173,2024,2013,FALSE,2005,2099,-283.0608993877064,7261.043406785698,66
IDN1173,2024,2013,TRUE,2005,2099,-146.77232002489492,4480.600923860381,66
IDN1173,2024,2014,FALSE,2005,2099,-24.059582623568446,148.31452365988238,66
IDN1173,2024,2014,TRUE,2005,2099,-2.8189556237423057,34.68457064500856,66
IDN1173,2024,2015,FALSE,2005,2099,-378.7419416687705,9897.497865955704,66
IDN1173,2024,2015,TRUE,2005,2099,-149.91495723435372,12150.597043755202,66
IDN1173,2024,2016,FALSE,2005,2099,-924.4146551291147,18533.9418649278,66
IDN1173,2024,2016,TRUE,2005,2099,-184.9592004544807,3393.696064275837,66
IDN1173,2024,2017,FALSE,2005,2099,-250.36706791502056,1164.8971926339837,66
IDN1173,2024,2017,TRUE,2005,2099,-90.40866307056311,9135.776201168366,66
IDN1173,2024,2018,FALSE,2005,2099,-281.71928428881097,1380.44568543604,66
IDN1173,2024,2018,TRUE,2005,2099,-23.58139199921579,876.1571786856721,66
IDN1173,2024,2019,FALSE,2005,2099,-373.59402274362964,10507.531552420522,66
IDN1173,2024,2019,TRUE,2005,2099,-2.8776801896817754,239.72493290233848,66
IDN1173,2024,2020,FALSE,2005,2099,-28.5325569673018,1263.369696969697,66
IDN1173,2024,2020,TRUE,2005,2099,-21.32554054260254,371.33426831230577,66
IDN1173,2024,2021,FALSE,2005,2099,-190.4055109529784,9500.005703883677,66
IDN1173,2024,2021,TRUE,2005,2099,-30.240357102769792,1534.9676804685485,66
IDN1173,2024,2022,FALSE,2005,2099,0,0,66
IDN1173,2024,2022,TRUE,2005,2099,0,0,66
IDN1173,2024,2023,FALSE,2005,2099,-142.27927915255228,6095.057521398519,66
IDN1173,2024,2023,TRUE,2005,2099,-118.39242441003972,3501.781765706369,66
IDN1174,2024,2005,FALSE,2005,2099,-33.16199335558661,1279.99846163731,20
IDN1174,2024,2005,TRUE,2005,2099,0,0,20
IDN1174,2024,2006,FALSE,2005,2099,-194.69570291453394,6553.496678810197,20
IDN1174,2024,2006,TRUE,2005,2099,-29.362228886834504,5375.732483862396,20
IDN1174,2024,2007,FALSE,2005,2099,-153.2737455696895,7954.927100458104,20
IDN1174,2024,2007,TRUE,2005,2099,-713.5538374144455,38266.41875638581,20
IDN1174,2024,2008,FALSE,2005,2099,0,0,20
IDN1174,2024,2008,TRUE,2005,2099,-678.3165703477531,31841.09077030621,20
IDN1174,2024,2009,FALSE,2005,2099,-183.55004978179932,15299.363142410677,20
IDN1174,2024,2009,TRUE,2005,2099,0,0,20
IDN1174,2024,2010,FALSE,2005,2099,-404.39219560294316,10652.230165608898,20
IDN1174,2024,2010,TRUE,2005,2099,-519.7490857880691,32159.87409029438,20
IDN1174,2024,2011,FALSE,2005,2099,-1360.7372771131581,65556.86165751754,20
IDN1174,2024,2011,TRUE,2005,2099,-343.04185617381125,14089.352323056073,20
IDN1174,2024,2012,FALSE,2005,2099,-1731.6937202091874,61453.05296621857,20
IDN1174,2024,2012,TRUE,2005,2099,-606.4578767316094,29235.193968907042,20
IDN1174,2024,2013,FALSE,2005,2099,-2227.2656536431145,96165.56153622534,20
IDN1174,2024,2013,TRUE,2005,2099,-263.02532570937586,12353.540830392449,20
IDN1174,2024,2014,FALSE,2005,2099,-2791.2672702115156,102723.49901517334,20
IDN1174,2024,2014,TRUE,2005,2099,-408.5100000644552,38045.45434085688,20
IDN1174,2024,2015,FALSE,2005,2099,-2250.1926174821524,91471.47155926444,20
IDN1174,2024,2015,TRUE,2005,2099,-2084.104510537509,90249.54356151148,20
IDN1174,2024,2016,FALSE,2005,2099,-1019.303500997609,23501.208330320653,20
IDN1174,2024,2016,TRUE,2005,2099,-1104.0643482783744,44929.92814617039,20
IDN1174,2024,2017,FALSE,2005,2099,0,0,20
IDN1174,2024,2017,TRUE,2005,2099,0,0,20
IDN1174,2024,2018,FALSE,2005,2099,-66.3240923141611,2452.4410950298416,20
IDN1174,2024,2018,TRUE,2005,2099,0,0,20
IDN1174,2024,2019,FALSE,2005,2099,-154.3833131461308,6254.614784287094,20
IDN1174,2024,2019,TRUE,2005,2099,-599.0328763435626,27914.270063593358,20
IDN1174,2024,2020,FALSE,2005,2099,0,0,20
IDN1174,2024,2020,TRUE,2005,2099,0,0,20
IDN1174,2024,2021,FALSE,2005,2099,-1073.7980099710924,39355.59540829213,20
IDN1174,2024,2021,TRUE,2005,2099,-147.9506791213463,13387.632592905537,20
IDN1174,2024,2022,FALSE,2005,2099,0,0,20
IDN1174,2024,2022,TRUE,2005,2099,0,0,20
IDN1174,2024,2023,FALSE,2005,2099,-219.2952129100931,8204.16957090471,20
IDN1174,2024,2023,TRUE,2005,2099,0,0,20
IDN1175,2024,2016,FALSE,2016,2099,-112.02793184916177,9819.995325250922,22
IDN1175,2024,2016,TRUE,2016,2099,-553.057871112117,54789.33864900822,22
IDN1175,2024,2017,FALSE,2016,2099,-510.3725718922085,19181.642063066443,22
IDN1175,2024,2017,TRUE,2016,2099,-19.808927747938366,956.9412840600637,22
IDN1175,2024,2018,FALSE,2016,2099,-107.39238943877042,9413.65911919352,22
IDN1175,2024,2018,TRUE,2016,2099,0,0,22
IDN1175,2024,2019,FALSE,2016,2099,-199.7793347394025,8104.93359840591,22
IDN1175,2024,2019,TRUE,2016,2099,0,0,22
IDN1175,2024,2020,FALSE,2016,2099,-484.3331794032344,19671.887706910216,22
IDN1175,2024,2020,TRUE,2016,2099,-123.02847996464482,5359.142968568644,22
IDN1175,2024,2021,FALSE,2016,2099,-20.013157032154222,906.5986261465641,22
IDN1175,2024,2021,TRUE,2016,2099,-66.98580678304036,6104.008502666378,22
IDN1175,2024,2022,FALSE,2016,2099,0,0,22
IDN1175,2024,2022,TRUE,2016,2099,0,0,22
IDN1175,2024,2023,FALSE,2016,2099,-112.23214686358416,4558.46983873007,22
IDN1175,2024,2023,TRUE,2016,2099,-689.0482466309159,49113.28262891002,22
IDN1176,2024,2007,FALSE,2007,2099,-77.06160354614258,2327.87626594147,8
IDN1176,2024,2007,TRUE,2007,2099,-43.660919189453125,655.5852115091178,8
IDN1176,2024,2008,FALSE,2007,2099,0,0,8
IDN1176,2024,2008,TRUE,2007,2099,0,0,8
IDN1176,2024,2009,FALSE,2007,2099,-12.857637405395508,388.403401626329,8
IDN1176,2024,2009,TRUE,2007,2099,0,0,8
IDN1176,2024,2010,FALSE,2007,2099,0,0,8
IDN1176,2024,2010,TRUE,2007,2099,-48.88854384422302,3548.9664583333333,8
IDN1176,2024,2011,FALSE,2007,2099,0,0,8
IDN1176,2024,2011,TRUE,2007,2099,0,0,8
IDN1176,2024,2012,FALSE,2007,2099,-388.85734462738037,14587.381957905513,8
IDN1176,2024,2012,TRUE,2007,2099,-24.647335370381676,474.7462518819184,8
IDN1176,2024,2013,FALSE,2007,2099,0,0,8
IDN1176,2024,2013,TRUE,2007,2099,-378.0420531431834,7281.681572732709,8
IDN1176,2024,2014,FALSE,2007,2099,0,0,8
IDN1176,2024,2014,TRUE,2007,2099,0,0,8
IDN1176,2024,2015,FALSE,2007,2099,0,0,8
IDN1176,2024,2015,TRUE,2007,2099,0,0,8
IDN1176,2024,2016,FALSE,2007,2099,0,0,8
IDN1176,2024,2016,TRUE,2007,2099,0,0,8
IDN1176,2024,2017,FALSE,2007,2099,-337.5717716217041,18521.307674174193,8
IDN1176,2024,2017,TRUE,2007,2099,0,0,8
IDN1176,2024,2018,FALSE,2007,2099,0,0,8
IDN1176,2024,2018,TRUE,2007,2099,0,0,8
IDN1176,2024,2019,FALSE,2007,2099,0,0,8
IDN1176,2024,2019,TRUE,2007,2099,0,0,8
IDN1176,2024,2020,FALSE,2007,2099,0,0,8
IDN1176,2024,2020,TRUE,2007,2099,0,0,8
IDN1176,2024,2021,FALSE,2007,2099,0,0,8
IDN1176,2024,2021,TRUE,2007,2099,0,0,8
IDN1176,2024,2022,FALSE,2007,2099,0,0,8
IDN1176,2024,2022,TRUE,2007,2099,0,0,8
IDN1176,2024,2023,FALSE,2007,2099,0,0,8
IDN1176,2024,2023,TRUE,2007,2099,0,0,8
IDN1178,2024,2007,FALSE,2007,2099,-886.8272881916591,25844.246158262034,35
IDN1178,2024,2007,TRUE,2007,2099,0,0,35
IDN1178,2024,2008,FALSE,2007,2099,-495.40081917898993,20280.6450375849,35
IDN1178,2024,2008,TRUE,2007,2099,0,0,35
IDN1178,2024,2009,FALSE,2007,2099,-75.07606707300458,1240.2563737467658,35
IDN1178,2024,2009,TRUE,2007,2099,0,0,35
IDN1178,2024,2010,FALSE,2007,2099,-586.134016936166,21180.464531915022,35
IDN1178,2024,2010,TRUE,2007,2099,-1159.7590770176478,29019.808430236244,35
IDN1178,2024,2011,FALSE,2007,2099,-16.12658495221819,3507.186656000066,35
IDN1178,2024,2011,TRUE,2007,2099,-420.14386926378523,9920.360685759622,35
IDN1178,2024,2012,FALSE,2007,2099,-565.5400381496975,9380.14691639985,35
IDN1178,2024,2012,TRUE,2007,2099,-711.8386334283011,31431.433484924237,35
IDN1178,2024,2013,FALSE,2007,2099,-463.91184324196405,2923.4125180721144,35
IDN1178,2024,2013,TRUE,2007,2099,-56.6900901726314,1191.8063896407957,35
IDN1178,2024,2014,FALSE,2007,2099,-67.4152409689767,415.5790858123787,35
IDN1178,2024,2014,TRUE,2007,2099,-362.59145330360957,18450.88368831186,35
IDN1178,2024,2015,FALSE,2007,2099,-753.8484259503228,27476.93900840374,35
IDN1178,2024,2015,TRUE,2007,2099,0,0,35
IDN1178,2024,2016,FALSE,2007,2099,-1484.035571725028,41316.00818349707,35
IDN1178,2024,2016,TRUE,2007,2099,-1235.1571771247045,25742.75953011697,35
IDN1178,2024,2017,FALSE,2007,2099,-85.45428248814174,45.586027473294266,35
IDN1178,2024,2017,TRUE,2007,2099,-409.85816285950796,10264.519411007012,35
IDN1178,2024,2018,FALSE,2007,2099,-402.86477513994487,9325.397361004021,35
IDN1178,2024,2018,TRUE,2007,2099,-228.16141111169543,8676.513413617236,35
IDN1178,2024,2019,FALSE,2007,2099,-627.7727205753326,9703.274781374226,35
IDN1178,2024,2019,TRUE,2007,2099,-1115.930195740291,44930.66306955146,35
IDN1178,2024,2020,FALSE,2007,2099,-352.5066710608346,13954.335309414739,35
IDN1178,2024,2020,TRUE,2007,2099,-81.70780121939522,2386.975073613361,35
IDN1178,2024,2021,FALSE,2007,2099,-51.38116215297154,316.73752238511986,35
IDN1178,2024,2021,TRUE,2007,2099,0,0,35
IDN1178,2024,2022,FALSE,2007,2099,-15.962031541551863,252.5220926311733,35
IDN1178,2024,2022,TRUE,2007,2099,-616.8867304120745,17151.81896653583,35
IDN1178,2024,2023,FALSE,2007,2099,0,0,35
IDN1178,2024,2023,TRUE,2007,2099,0,0,35
IDN1179,2024,2007,FALSE,2007,2099,-527.6250373400176,8763.462359892023,39
IDN1179,2024,2007,TRUE,2007,2099,0,0,39
IDN1179,2024,2008,FALSE,2007,2099,0,0,39
IDN1179,2024,2008,TRUE,2007,2099,-21.873237429521026,5178.412663825109,39
IDN1179,2024,2009,FALSE,2007,2099,-51.47503358889849,3531.924717177581,39
IDN1179,2024,2009,TRUE,2007,2099,0,0,39
IDN1179,2024,2010,FALSE,2007,2099,0,0,39
IDN1179,2024,2010,TRUE,2007,2099,0,0,39
IDN1179,2024,2011,FALSE,2007,2099,0,0,39
IDN1179,2024,2011,TRUE,2007,2099,-57.145095531757065,1563.0255211787544,39
IDN1179,2024,2012,FALSE,2007,2099,-85.58500666496082,1029.3882213781699,39
IDN1179,2024,2012,TRUE,2007,2099,0,0,39
IDN1179,2024,2013,FALSE,2007,2099,-270.31927188543176,1703.4588679251171,39
IDN1179,2024,2013,TRUE,2007,2099,0,0,39
IDN1179,2024,2014,FALSE,2007,2099,-39.282547143789444,242.15599908498675,39
IDN1179,2024,2014,TRUE,2007,2099,0,0,39
IDN1179,2024,2015,FALSE,2007,2099,-643.4223298140062,2931.9296622695647,39
IDN1179,2024,2015,TRUE,2007,2099,0,0,39
IDN1179,2024,2016,FALSE,2007,2099,-351.38162925915844,7666.953812258774,39
IDN1179,2024,2016,TRUE,2007,2099,-41.960881159855774,929.7840166083001,39
IDN1179,2024,2017,FALSE,2007,2099,-95.36614760374412,773.115970377587,39
IDN1179,2024,2017,TRUE,2007,2099,0,0,39
IDN1179,2024,2018,FALSE,2007,2099,-316.4244795579177,232.0569230769231,39
IDN1179,2024,2018,TRUE,2007,2099,-83.58406352996828,4937.887823236892,39
IDN1179,2024,2019,FALSE,2007,2099,-359.8283108992455,18424.32442561235,39
IDN1179,2024,2019,TRUE,2007,2099,-43.30008501884265,1562.3436618339344,39
IDN1179,2024,2020,FALSE,2007,2099,-46.585659100459175,2062.7282051282054,39
IDN1179,2024,2020,TRUE,2007,2099,-193.17757709209738,7103.520256410257,39
IDN1179,2024,2021,FALSE,2007,2099,-29.939564044658958,184.56148011139263,39
IDN1179,2024,2021,TRUE,2007,2099,0,0,39
IDN1179,2024,2022,FALSE,2007,2099,0,0,39
IDN1179,2024,2022,TRUE,2007,2099,-112.48314089652821,4058.590697140425,39
IDN1179,2024,2023,FALSE,2007,2099,0,0,39
IDN1179,2024,2023,TRUE,2007,2099,0,0,39
IDN1182,2024,2005,FALSE,2005,2099,0,0,8
IDN1182,2024,2005,TRUE,2005,2099,0,0,8
IDN1182,2024,2006,FALSE,2005,2099,-623.8350852619518,20805.867746521522,8
IDN1182,2024,2006,TRUE,2005,2099,0,0,8
IDN1182,2024,2007,FALSE,2005,2099,0,0,8
IDN1182,2024,2007,TRUE,2005,2099,0,0,8
IDN1182,2024,2008,FALSE,2005,2099,-25.777522693980824,601.360231120738,8
IDN1182,2024,2008,TRUE,2005,2099,0,0,8
IDN1182,2024,2009,FALSE,2005,2099,-777.3798651261764,9839.883954024659,8
IDN1182,2024,2009,TRUE,2005,2099,-252.4001064300537,13518.721257265519,8
IDN1182,2024,2010,FALSE,2005,2099,-139.76535589044744,2211.1120414040433,8
IDN1182,2024,2010,TRUE,2005,2099,-113.88254391063344,1525.0447227356833,8
IDN1182,2024,2011,FALSE,2005,2099,-141.20626692338425,6049.507015841735,8
IDN1182,2024,2011,TRUE,2005,2099,0,0,8
IDN1182,2024,2012,FALSE,2005,2099,-669.2102230245417,12169.869807514791,8
IDN1182,2024,2012,TRUE,2005,2099,-138.32449080727318,1852.3561863552256,8
IDN1182,2024,2013,FALSE,2005,2099,0,0,8
IDN1182,2024,2013,TRUE,2005,2099,0,0,8
IDN1182,2024,2014,FALSE,2005,2099,0,0,8
IDN1182,2024,2014,TRUE,2005,2099,0,0,8
IDN1182,2024,2015,FALSE,2005,2099,-1840.2794031229887,34503.13846108931,8
IDN1182,2024,2015,TRUE,2005,2099,-19.990738261829723,758.4692473776665,8
IDN1182,2024,2016,FALSE,2005,2099,0,0,8
IDN1182,2024,2016,TRUE,2005,2099,0,0,8
IDN1182,2024,2017,FALSE,2005,2099,0,0,8
IDN1182,2024,2017,TRUE,2005,2099,0,0,8
IDN1182,2024,2018,FALSE,2005,2099,0,0,8
IDN1182,2024,2018,TRUE,2005,2099,0,0,8
IDN1182,2024,2019,FALSE,2005,2099,0,0,8
IDN1182,2024,2019,TRUE,2005,2099,0,0,8
IDN1182,2024,2020,FALSE,2005,2099,0,0,8
IDN1182,2024,2020,TRUE,2005,2099,0,0,8
IDN1182,2024,2021,FALSE,2005,2099,0,0,8
IDN1182,2024,2021,TRUE,2005,2099,-657.3745934746482,28300.97213201939,8
IDN1182,2024,2022,FALSE,2005,2099,-25.514492468400437,403.64367240915686,8
IDN1182,2024,2022,TRUE,2005,2099,-275.02406935258347,10434.697116258696,8
IDN1182,2024,2023,FALSE,2005,2099,0,0,8
IDN1182,2024,2023,TRUE,2005,2099,-491.90602944113994,5322.50090909091,8
IDN1184,2024,2008,FALSE,2008,2024,0,0,6
IDN1184,2024,2008,TRUE,2008,2024,0,0,6
IDN1184,2024,2009,FALSE,2008,2024,-129.47521018981934,4681.185588124044,6
IDN1184,2024,2009,TRUE,2008,2024,0,0,6
IDN1184,2024,2010,FALSE,2008,2024,-3.4393310546875,95.01017575399476,6
IDN1184,2024,2010,TRUE,2008,2024,0,0,6
IDN1184,2024,2011,FALSE,2008,2024,0,0,6
IDN1184,2024,2011,TRUE,2008,2024,0,0,6
IDN1184,2024,2012,FALSE,2008,2024,0,0,6
IDN1184,2024,2012,TRUE,2008,2024,0,0,6
IDN1184,2024,2013,FALSE,2008,2024,-28.110748291015625,776.5484314357116,6
IDN1184,2024,2013,TRUE,2008,2024,0,0,6
IDN1184,2024,2014,FALSE,2008,2024,0,0,6
IDN1184,2024,2014,TRUE,2008,2024,0,0,6
IDN1184,2024,2015,FALSE,2008,2024,0,0,6
IDN1184,2024,2015,TRUE,2008,2024,0,0,6
IDN1184,2024,2016,FALSE,2008,2024,-136.00171089172363,3558.794348921843,6
IDN1184,2024,2016,TRUE,2008,2024,0,0,6
IDN1184,2024,2017,FALSE,2008,2024,-151.81104850769043,5111.564808045677,6
IDN1184,2024,2017,TRUE,2008,2024,-68.21812152862549,2242.582715940813,6
IDN1184,2024,2018,FALSE,2008,2024,0,0,6
IDN1184,2024,2018,TRUE,2008,2024,0,0,6
IDN1184,2024,2019,FALSE,2008,2024,0,0,6
IDN1184,2024,2019,TRUE,2008,2024,0,0,6
IDN1184,2024,2020,FALSE,2008,2024,0,0,6
IDN1184,2024,2020,TRUE,2008,2024,0,0,6
IDN1184,2024,2021,FALSE,2008,2024,-28.110754013061523,932.6570530570368,6
IDN1184,2024,2021,TRUE,2008,2024,0,0,6
IDN1184,2024,2022,FALSE,2008,2024,0,0,6
IDN1184,2024,2022,TRUE,2008,2024,0,0,6
IDN1184,2024,2023,FALSE,2008,2024,-25.17011070251465,835.0925507732422,6
IDN1184,2024,2023,TRUE,2008,2024,-120.07925415039063,4316.799076065523,6
KEN1003,2024,2021,FALSE,2021,2024,0,0,4
KEN1003,2024,2021,TRUE,2021,2024,0,0,4
KEN1003,2024,2022,FALSE,2021,2024,0,0,4
KEN1003,2024,2022,TRUE,2021,2024,0,0,4
KEN1003,2024,2023,FALSE,2021,2024,0,0,4
KEN1003,2024,2023,TRUE,2021,2024,0,0,4
KEN1005,2024,2021,FALSE,2021,2024,0,0,18
KEN1005,2024,2021,TRUE,2021,2024,0,0,18
KEN1005,2024,2022,FALSE,2021,2024,0,0,18
KEN1005,2024,2022,TRUE,2021,2024,0,0,18
KEN1005,2024,2023,FALSE,2021,2024,0,0,18
KEN1005,2024,2023,TRUE,2021,2024,0,0,18
KEN1006,2024,2014,FALSE,2014,2099,-81.19606994393001,1382.3748218692765,1423
KEN1006,2024,2014,TRUE,2014,2099,-1392.6144284431314,36599.29591716841,1423
KEN1006,2024,2015,FALSE,2014,2099,0,0,1423
KEN1006,2024,2015,TRUE,2014,2099,-572.2722521036005,17296.81129292724,1423
KEN1006,2024,2016,FALSE,2014,2099,-3.2677163119393176,281.633169360506,1423
KEN1006,2024,2016,TRUE,2014,2099,-257.8439948604045,5491.000314670283,1423
KEN1006,2024,2017,FALSE,2014,2099,0,0,1423
KEN1006,2024,2017,TRUE,2014,2099,-849.2655232564213,21277.984316440772,1423
KEN1006,2024,2018,FALSE,2014,2099,-14.822529608484565,585.7969922698525,1423
KEN1006,2024,2018,TRUE,2014,2099,-1514.2194302934874,38964.00761854668,1423
KEN1006,2024,2019,FALSE,2014,2099,0,0,1423
KEN1006,2024,2019,TRUE,2014,2099,-90.964984735635,2092.19866260293,1423
KEN1006,2024,2020,FALSE,2014,2099,0,0,1423
KEN1006,2024,2020,TRUE,2014,2099,-664.6902533375036,26476.696271402976,1423
KEN1006,2024,2021,FALSE,2014,2099,0,0,1423
KEN1006,2024,2021,TRUE,2014,2099,0,0,1423
KEN1006,2024,2022,FALSE,2014,2099,0,0,1423
KEN1006,2024,2022,TRUE,2014,2099,0,0,1423
KEN1006,2024,2023,FALSE,2014,2099,0,0,1423
KEN1006,2024,2023,TRUE,2014,2099,-190.3134201516254,4641.736814270044,1423
KEN1009,2024,2021,FALSE,2021,2099,-129672.44908326863,2554583.2187860836,278
KEN1009,2024,2021,TRUE,2021,2099,-152573.7295522928,4302709.628349975,278
KEN1009,2024,2022,FALSE,2021,2099,-83681.8159499049,2012169.4783530734,278
KEN1009,2024,2022,TRUE,2021,2099,-53058.20100940465,956576.4647208112,278
KEN1009,2024,2023,FALSE,2021,2099,-42414.166512513155,1129914.9136535148,278
KEN1009,2024,2023,TRUE,2021,2099,-25818.460597276684,356770.9229509034,278
KHM1010,2024,2007,FALSE,2007,2099,-615.703326051817,19470.021822475905,635
KHM1010,2024,2007,TRUE,2007,2099,-1212.5403448694333,32634.444374795617,635
KHM1010,2024,2008,FALSE,2007,2099,-712.104576616963,30581.843110770304,635
KHM1010,2024,2008,TRUE,2007,2099,-1100.3377964305125,32114.747249204618,635
KHM1010,2024,2009,FALSE,2007,2099,-779.7003470473401,24584.60188531481,635
KHM1010,2024,2009,TRUE,2007,2099,-1136.7690690153227,24196.082608205612,635
KHM1010,2024,2010,FALSE,2007,2099,-683.9328883854422,22814.871095110077,635
KHM1010,2024,2010,TRUE,2007,2099,-1349.7937041673133,35783.066478937064,635
KHM1010,2024,2011,FALSE,2007,2099,-1229.4854247228366,40279.17451057003,635
KHM1010,2024,2011,TRUE,2007,2099,-1010.6285183936591,23643.233222617408,635
KHM1010,2024,2012,FALSE,2007,2099,-1419.0375668324823,51713.958906272725,635
KHM1010,2024,2012,TRUE,2007,2099,-1051.8808818449183,37207.69438950351,635
KHM1010,2024,2013,FALSE,2007,2099,-638.7140560148268,20186.36112600037,635
KHM1010,2024,2013,TRUE,2007,2099,-1218.7547112228362,30349.521587062503,635
KHM1010,2024,2014,FALSE,2007,2099,-674.3349885681482,20872.503590261058,635
KHM1010,2024,2014,TRUE,2007,2099,-586.2944959144892,20248.403602115333,635
KHM1010,2024,2015,FALSE,2007,2099,-1094.9584229444893,34649.182019969,635
KHM1010,2024,2015,TRUE,2007,2099,-1437.936400528029,33589.35838827836,635
KHM1010,2024,2016,FALSE,2007,2099,-2541.232418002857,65480.271023204405,635
KHM1010,2024,2016,TRUE,2007,2099,-1951.0207454418571,40177.69678986141,635
KHM1010,2024,2017,FALSE,2007,2099,-2618.585436852147,73646.74564413558,635
KHM1010,2024,2017,TRUE,2007,2099,-1136.7631102306634,35080.67662437462,635
KHM1010,2024,2018,FALSE,2007,2099,-1046.1420250346341,27964.399406610995,635
KHM1010,2024,2018,TRUE,2007,2099,-802.4844839753127,14274.482089471312,635
KHM1010,2024,2019,FALSE,2007,2099,-2209.1658161245928,44007.75595008609,635
KHM1010,2024,2019,TRUE,2007,2099,-1473.9986282592681,30525.076086043973,635
KHM1010,2024,2020,FALSE,2007,2099,-2060.9641071788906,60859.98371262755,635
KHM1010,2024,2020,TRUE,2007,2099,-1243.9366462463468,17225.08636885472,635
KHM1010,2024,2021,FALSE,2007,2099,-2241.5815980308635,48258.400542246985,635
KHM1010,2024,2021,TRUE,2007,2099,-897.2230998726341,10979.31941764383,635
KHM1010,2024,2022,FALSE,2007,2099,-1380.0346921502135,31011.99903447901,635
KHM1010,2024,2022,TRUE,2007,2099,-444.7910410633237,9271.881375652003,635
KHM1010,2024,2023,FALSE,2007,2099,-1041.8053192392108,23736.37414916934,635
KHM1010,2024,2023,TRUE,2007,2099,-539.5509129850883,6682.512212890835,635
KHM1012,2024,2012,FALSE,2012,2099,-188.19855362176895,1148.34897106677,10
KHM1012,2024,2012,TRUE,2012,2099,-5.2545166015625,40.82407436191068,10
KHM1012,2024,2013,FALSE,2012,2099,0,0,10
KHM1012,2024,2013,TRUE,2012,2099,0,0,10
KHM1012,2024,2014,FALSE,2012,2099,-137.48038291931152,839.4016791007165,10
KHM1012,2024,2014,TRUE,2012,2099,-165.0000011920929,2231.438560156195,10
KHM1012,2024,2015,FALSE,2012,2099,0,0,10
KHM1012,2024,2015,TRUE,2012,2099,0,0,10
KHM1012,2024,2016,FALSE,2012,2099,0,0,10
KHM1012,2024,2016,TRUE,2012,2099,0,0,10
KHM1012,2024,2017,FALSE,2012,2099,-329.27140951156616,1715.2951692619306,10
KHM1012,2024,2017,TRUE,2012,2099,0,0,10
KHM1012,2024,2018,FALSE,2012,2099,0,0,10
KHM1012,2024,2018,TRUE,2012,2099,0,0,10
KHM1012,2024,2019,FALSE,2012,2099,0,0,10
KHM1012,2024,2019,TRUE,2012,2099,0,0,10
KHM1012,2024,2020,FALSE,2012,2099,0,0,10
KHM1012,2024,2020,TRUE,2012,2099,0,0,10
KHM1012,2024,2021,FALSE,2012,2099,0,0,10
KHM1012,2024,2021,TRUE,2012,2099,0,0,10
KHM1012,2024,2022,FALSE,2012,2099,0,0,10
KHM1012,2024,2022,TRUE,2012,2099,0,0,10
KHM1012,2024,2023,FALSE,2012,2099,0,0,10
KHM1012,2024,2023,TRUE,2012,2099,0,0,10
KHM1013,2024,2017,FALSE,2017,2099,-132.3463240093655,679.5192603427975,20
KHM1013,2024,2017,TRUE,2017,2099,0,0,20
KHM1013,2024,2018,FALSE,2017,2099,0,0,20
KHM1013,2024,2018,TRUE,2017,2099,0,0,20
KHM1013,2024,2019,FALSE,2017,2099,0,0,20
KHM1013,2024,2019,TRUE,2017,2099,0,0,20
KHM1013,2024,2020,FALSE,2017,2099,0,0,20
KHM1013,2024,2020,TRUE,2017,2099,0,0,20
KHM1013,2024,2021,FALSE,2017,2099,0,0,20
KHM1013,2024,2021,TRUE,2017,2099,0,0,20
KHM1013,2024,2022,FALSE,2017,2099,0,0,20
KHM1013,2024,2022,TRUE,2017,2099,0,0,20
KHM1013,2024,2023,FALSE,2017,2099,0,0,20
KHM1013,2024,2023,TRUE,2017,2099,0,0,20
KHM1014,2024,2012,FALSE,2012,2099,-440.3343834306883,3201.233062778159,23
KHM1014,2024,2012,TRUE,2012,2099,-391.30433872989994,5337.133810123004,23
KHM1014,2024,2013,FALSE,2012,2099,0,0,23
KHM1014,2024,2013,TRUE,2012,2099,0,0,23
KHM1014,2024,2014,FALSE,2012,2099,-127.2347590715989,794.9071808800494,23
KHM1014,2024,2014,TRUE,2012,2099,0,0,23
KHM1014,2024,2015,FALSE,2012,2099,0,0,23
KHM1014,2024,2015,TRUE,2012,2099,0,0,23
KHM1014,2024,2016,FALSE,2012,2099,0,0,23
KHM1014,2024,2016,TRUE,2012,2099,0,0,23
KHM1014,2024,2017,FALSE,2012,2099,-148.73538058737051,683.5678740772453,23
KHM1014,2024,2017,TRUE,2012,2099,0,0,23
KHM1014,2024,2018,FALSE,2012,2099,0,0,23
KHM1014,2024,2018,TRUE,2012,2099,0,0,23
KHM1014,2024,2019,FALSE,2012,2099,0,0,23
KHM1014,2024,2019,TRUE,2012,2099,0,0,23
KHM1014,2024,2020,FALSE,2012,2099,0,0,23
KHM1014,2024,2020,TRUE,2012,2099,0,0,23
KHM1014,2024,2021,FALSE,2012,2099,0,0,23
KHM1014,2024,2021,TRUE,2012,2099,0,0,23
KHM1014,2024,2022,FALSE,2012,2099,0,0,23
KHM1014,2024,2022,TRUE,2012,2099,0,0,23
KHM1014,2024,2023,FALSE,2012,2099,0,0,23
KHM1014,2024,2023,TRUE,2012,2099,0,0,23
KHM1015,2024,2017,FALSE,2017,2099,-322.9592190682888,4773.849527810411,24
KHM1015,2024,2017,TRUE,2017,2099,-588.6677376031876,4160.096993048208,24
KHM1015,2024,2018,FALSE,2017,2099,0,0,24
KHM1015,2024,2018,TRUE,2017,2099,0,0,24
KHM1015,2024,2019,FALSE,2017,2099,0,0,24
KHM1015,2024,2019,TRUE,2017,2099,0,0,24
KHM1015,2024,2020,FALSE,2017,2099,0,0,24
KHM1015,2024,2020,TRUE,2017,2099,0,0,24
KHM1015,2024,2021,FALSE,2017,2099,0,0,24
KHM1015,2024,2021,TRUE,2017,2099,-101.83333333333334,1449.5327051367901,24
KHM1015,2024,2022,FALSE,2017,2099,0,0,24
KHM1015,2024,2022,TRUE,2017,2099,0,0,24
KHM1015,2024,2023,FALSE,2017,2099,0,0,24
KHM1015,2024,2023,TRUE,2017,2099,0,0,24
KHM1016,2024,2017,FALSE,2017,2099,-69.469651222229,2437.869392752417,17
KHM1016,2024,2017,TRUE,2017,2099,0,0,17
KHM1016,2024,2018,FALSE,2017,2099,0,0,17
KHM1016,2024,2018,TRUE,2017,2099,0,0,17
KHM1016,2024,2019,FALSE,2017,2099,0,0,17
KHM1016,2024,2019,TRUE,2017,2099,0,0,17
KHM1016,2024,2020,FALSE,2017,2099,0,0,17
KHM1016,2024,2020,TRUE,2017,2099,0,0,17
KHM1016,2024,2021,FALSE,2017,2099,0,0,17
KHM1016,2024,2021,TRUE,2017,2099,0,0,17
KHM1016,2024,2022,FALSE,2017,2099,0,0,17
KHM1016,2024,2022,TRUE,2017,2099,0,0,17
KHM1016,2024,2023,FALSE,2017,2099,0,0,17
KHM1016,2024,2023,TRUE,2017,2099,0,0,17
KHM1017,2024,2017,FALSE,2017,2099,-140.62633514404297,439.6354166666667,36
KHM1017,2024,2017,TRUE,2017,2099,-638.20656016469,3712.4519260716306,36
KHM1017,2024,2018,FALSE,2017,2099,0,0,36
KHM1017,2024,2018,TRUE,2017,2099,0,0,36
KHM1017,2024,2019,FALSE,2017,2099,0,0,36
KHM1017,2024,2019,TRUE,2017,2099,0,0,36
KHM1017,2024,2020,FALSE,2017,2099,0,0,36
KHM1017,2024,2020,TRUE,2017,2099,0,0,36
KHM1017,2024,2021,FALSE,2017,2099,0,0,36
KHM1017,2024,2021,TRUE,2017,2099,0,0,36
KHM1017,2024,2022,FALSE,2017,2099,0,0,36
KHM1017,2024,2022,TRUE,2017,2099,0,0,36
KHM1017,2024,2023,FALSE,2017,2099,0,0,36
KHM1017,2024,2023,TRUE,2017,2099,0,0,36
KHM1018,2024,2017,FALSE,2017,2099,-760.5756470294709,7233.8064813686715,94
KHM1018,2024,2017,TRUE,2017,2099,-224.68751934614588,2941.836861702128,94
KHM1018,2024,2018,FALSE,2017,2099,0,0,94
KHM1018,2024,2018,TRUE,2017,2099,0,0,94
KHM1018,2024,2019,FALSE,2017,2099,0,0,94
KHM1018,2024,2019,TRUE,2017,2099,0,0,94
KHM1018,2024,2020,FALSE,2017,2099,0,0,94
KHM1018,2024,2020,TRUE,2017,2099,0,0,94
KHM1018,2024,2021,FALSE,2017,2099,0,0,94
KHM1018,2024,2021,TRUE,2017,2099,0,0,94
KHM1018,2024,2022,FALSE,2017,2099,0,0,94
KHM1018,2024,2022,TRUE,2017,2099,0,0,94
KHM1018,2024,2023,FALSE,2017,2099,0,0,94
KHM1018,2024,2023,TRUE,2017,2099,0,0,94
KHM1019,2024,2017,FALSE,2017,2099,-14.959601402282715,319.6395238095238,42
KHM1019,2024,2017,TRUE,2017,2099,-414.27650668507533,2994.2592428006305,42
KHM1019,2024,2018,FALSE,2017,2099,0,0,42
KHM1019,2024,2018,TRUE,2017,2099,0,0,42
KHM1019,2024,2019,FALSE,2017,2099,0,0,42
KHM1019,2024,2019,TRUE,2017,2099,0,0,42
KHM1019,2024,2020,FALSE,2017,2099,0,0,42
KHM1019,2024,2020,TRUE,2017,2099,0,0,42
KHM1019,2024,2021,FALSE,2017,2099,0,0,42
KHM1019,2024,2021,TRUE,2017,2099,0,0,42
KHM1019,2024,2022,FALSE,2017,2099,0,0,42
KHM1019,2024,2022,TRUE,2017,2099,0,0,42
KHM1019,2024,2023,FALSE,2017,2099,0,0,42
KHM1019,2024,2023,TRUE,2017,2099,0,0,42
KHM1020,2024,2012,FALSE,2012,2099,-139.89112111500333,995.7459903576397,14
KHM1020,2024,2012,TRUE,2012,2099,0,0,14
KHM1020,2024,2013,FALSE,2012,2099,0,0,14
KHM1020,2024,2013,TRUE,2012,2099,0,0,14
KHM1020,2024,2014,FALSE,2012,2099,-179.25430045809065,1157.5638509351795,14
KHM1020,2024,2014,TRUE,2012,2099,0,0,14
KHM1020,2024,2015,FALSE,2012,2099,0,0,14
KHM1020,2024,2015,TRUE,2012,2099,0,0,14
KHM1020,2024,2016,FALSE,2012,2099,0,0,14
KHM1020,2024,2016,TRUE,2012,2099,0,0,14
KHM1020,2024,2017,FALSE,2012,2099,-101.32676145008632,522.1057972013153,14
KHM1020,2024,2017,TRUE,2012,2099,0,0,14
KHM1020,2024,2018,FALSE,2012,2099,0,0,14
KHM1020,2024,2018,TRUE,2012,2099,0,0,14
KHM1020,2024,2019,FALSE,2012,2099,0,0,14
KHM1020,2024,2019,TRUE,2012,2099,0,0,14
KHM1020,2024,2020,FALSE,2012,2099,0,0,14
KHM1020,2024,2020,TRUE,2012,2099,0,0,14
KHM1020,2024,2021,FALSE,2012,2099,0,0,14
KHM1020,2024,2021,TRUE,2012,2099,0,0,14
KHM1020,2024,2022,FALSE,2012,2099,0,0,14
KHM1020,2024,2022,TRUE,2012,2099,0,0,14
KHM1020,2024,2023,FALSE,2012,2099,0,0,14
KHM1020,2024,2023,TRUE,2012,2099,0,0,14
KHM1027,2024,2014,FALSE,2014,2099,0,0,6
KHM1027,2024,2014,TRUE,2014,2099,0,0,6
KHM1027,2024,2015,FALSE,2014,2099,0,0,6
KHM1027,2024,2015,TRUE,2014,2099,0,0,6
KHM1027,2024,2016,FALSE,2014,2099,0,0,6
KHM1027,2024,2016,TRUE,2014,2099,0,0,6
KHM1027,2024,2017,FALSE,2014,2099,0,0,6
KHM1027,2024,2017,TRUE,2014,2099,0,0,6
KHM1027,2024,2018,FALSE,2014,2099,0,0,6
KHM1027,2024,2018,TRUE,2014,2099,0,0,6
KHM1027,2024,2019,FALSE,2014,2099,0,0,6
KHM1027,2024,2019,TRUE,2014,2099,0,0,6
KHM1027,2024,2020,FALSE,2014,2099,0,0,6
KHM1027,2024,2020,TRUE,2014,2099,0,0,6
KHM1027,2024,2021,FALSE,2014,2099,0,0,6
KHM1027,2024,2021,TRUE,2014,2099,0,0,6
KHM1027,2024,2022,FALSE,2014,2099,0,0,6
KHM1027,2024,2022,TRUE,2014,2099,0,0,6
KHM1027,2024,2023,FALSE,2014,2099,0,0,6
KHM1027,2024,2023,TRUE,2014,2099,0,0,6
KHM1028,2024,2014,FALSE,2014,2099,0,0,7
KHM1028,2024,2014,TRUE,2014,2099,0,0,7
KHM1028,2024,2015,FALSE,2014,2099,0,0,7
KHM1028,2024,2015,TRUE,2014,2099,0,0,7
KHM1028,2024,2016,FALSE,2014,2099,0,0,7
KHM1028,2024,2016,TRUE,2014,2099,0,0,7
KHM1028,2024,2017,FALSE,2014,2099,0,0,7
KHM1028,2024,2017,TRUE,2014,2099,0,0,7
KHM1028,2024,2018,FALSE,2014,2099,0,0,7
KHM1028,2024,2018,TRUE,2014,2099,0,0,7
KHM1028,2024,2019,FALSE,2014,2099,0,0,7
KHM1028,2024,2019,TRUE,2014,2099,0,0,7
KHM1028,2024,2020,FALSE,2014,2099,0,0,7
KHM1028,2024,2020,TRUE,2014,2099,0,0,7
KHM1028,2024,2021,FALSE,2014,2099,0,0,7
KHM1028,2024,2021,TRUE,2014,2099,0,0,7
KHM1028,2024,2022,FALSE,2014,2099,0,0,7
KHM1028,2024,2022,TRUE,2014,2099,0,0,7
KHM1028,2024,2023,FALSE,2014,2099,0,0,7
KHM1028,2024,2023,TRUE,2014,2099,0,0,7
KHM1029,2024,2014,FALSE,2014,2099,0,0,11
KHM1029,2024,2014,TRUE,2014,2099,0,0,11
KHM1029,2024,2015,FALSE,2014,2099,0,0,11
KHM1029,2024,2015,TRUE,2014,2099,0,0,11
KHM1029,2024,2016,FALSE,2014,2099,0,0,11
KHM1029,2024,2016,TRUE,2014,2099,0,0,11
KHM1029,2024,2017,FALSE,2014,2099,-76.46617438576439,676.6145454545456,11
KHM1029,2024,2017,TRUE,2014,2099,-93.53576608137652,493.8491960467865,11
KHM1029,2024,2018,FALSE,2014,2099,0,0,11
KHM1029,2024,2018,TRUE,2014,2099,0,0,11
KHM1029,2024,2019,FALSE,2014,2099,0,0,11
KHM1029,2024,2019,TRUE,2014,2099,0,0,11
KHM1029,2024,2020,FALSE,2014,2099,0,0,11
KHM1029,2024,2020,TRUE,2014,2099,0,0,11
KHM1029,2024,2021,FALSE,2014,2099,0,0,11
KHM1029,2024,2021,TRUE,2014,2099,0,0,11
KHM1029,2024,2022,FALSE,2014,2099,0,0,11
KHM1029,2024,2022,TRUE,2014,2099,0,0,11
KHM1029,2024,2023,FALSE,2014,2099,0,0,11
KHM1029,2024,2023,TRUE,2014,2099,0,0,11
KHM1031,2024,2019,FALSE,2019,2099,0,0,64
KHM1031,2024,2019,TRUE,2019,2099,0,0,64
KHM1031,2024,2020,FALSE,2019,2099,-6.130537033081055,308.28,64
KHM1031,2024,2020,TRUE,2019,2099,0,0,64
KHM1031,2024,2021,FALSE,2019,2099,0,0,64
KHM1031,2024,2021,TRUE,2019,2099,0,0,64
KHM1031,2024,2022,FALSE,2019,2099,0,0,64
KHM1031,2024,2022,TRUE,2019,2099,0,0,64
KHM1031,2024,2023,FALSE,2019,2099,0,0,64
KHM1031,2024,2023,TRUE,2019,2099,-62.99999821186066,1106.5049999999999,64
KHM1032,2024,2019,FALSE,2019,2099,0,0,57
KHM1032,2024,2019,TRUE,2019,2099,0,0,57
KHM1032,2024,2020,FALSE,2019,2099,0,0,57
KHM1032,2024,2020,TRUE,2019,2099,0,0,57
KHM1032,2024,2021,FALSE,2019,2099,-12.812830686569214,563.345,57
KHM1032,2024,2021,TRUE,2019,2099,0,0,57
KHM1032,2024,2022,FALSE,2019,2099,0,0,57
KHM1032,2024,2022,TRUE,2019,2099,0,0,57
KHM1032,2024,2023,FALSE,2019,2099,0,0,57
KHM1032,2024,2023,TRUE,2019,2099,0,0,57
KHM1036,2024,2019,FALSE,2019,2099,-87.36746559143067,1794.2859838500947,20
KHM1036,2024,2019,TRUE,2019,2099,0,0,20
KHM1036,2024,2020,FALSE,2019,2099,-342.10307264328003,1733.9001051157004,20
KHM1036,2024,2020,TRUE,2019,2099,-376.18239367008215,5176.001802532276,20
KHM1036,2024,2021,FALSE,2019,2099,-413.50877664089205,11074.320556952849,20
KHM1036,2024,2021,TRUE,2019,2099,-443.9877591133118,11250.78200954532,20
KHM1036,2024,2022,FALSE,2019,2099,-16.29474278688431,126.0205779294404,20
KHM1036,2024,2022,TRUE,2019,2099,0,0,20
KHM1036,2024,2023,FALSE,2019,2099,-159.46868754625322,3144.7087525758993,20
KHM1036,2024,2023,TRUE,2019,2099,0,0,20
KHM1037,2024,2019,FALSE,2019,2099,-85.30407333374023,932.7159333387336,25
KHM1037,2024,2019,TRUE,2019,2099,-29.829811096191406,231.04960198019728,25
KHM1037,2024,2020,FALSE,2019,2099,-234.47484493255615,5491.636376092978,25
KHM1037,2024,2020,TRUE,2019,2099,-89.99999809265137,1366.7323396652812,25
KHM1037,2024,2021,FALSE,2019,2099,-173.84558629989624,5081.196499994081,25
KHM1037,2024,2021,TRUE,2019,2099,-275.04233264923096,6281.681502078307,25
KHM1037,2024,2022,FALSE,2019,2099,-309.3073482513428,2921.708632632431,25
KHM1037,2024,2022,TRUE,2019,2099,-95.14886665344238,524.5601751777663,25
KHM1037,2024,2023,FALSE,2019,2099,-268.9154176712036,3999.6212491309843,25
KHM1037,2024,2023,TRUE,2019,2099,-235.85502433776855,5875.693168390479,25
KHM1038,2024,2019,FALSE,2019,2099,-19.0400972366333,2912.145,14
KHM1038,2024,2019,TRUE,2019,2099,-129.65685296058655,3129.1574764144825,14
KHM1038,2024,2020,FALSE,2019,2099,-108.55836582183838,2754.601523923595,14
KHM1038,2024,2020,TRUE,2019,2099,-132.0461151599884,6399.410200370606,14
KHM1038,2024,2021,FALSE,2019,2099,-65.15826451778412,934.8665326794735,14
KHM1038,2024,2021,TRUE,2019,2099,0,0,14
KHM1038,2024,2022,FALSE,2019,2099,-146.61801528930664,1052.2149134465708,14
KHM1038,2024,2022,TRUE,2019,2099,-82.00000047683716,2606.2873232149113,14
KHM1038,2024,2023,FALSE,2019,2099,-79.66325533390045,1517.386563754421,14
KHM1038,2024,2023,TRUE,2019,2099,0,0,14
KHM1039,2024,2019,FALSE,2019,2099,-95.33249318599701,6497.333135495378,48
KHM1039,2024,2019,TRUE,2019,2099,-10.18851613998413,1353.5643260957677,48
KHM1039,2024,2020,FALSE,2019,2099,-250.36115074157715,4227.082601956147,48
KHM1039,2024,2020,TRUE,2019,2099,-13.00870132446289,223.90012654796573,48
KHM1039,2024,2021,FALSE,2019,2099,-64.31593322753906,1187.9380950502316,48
KHM1039,2024,2021,TRUE,2019,2099,-57.502742767333984,986.0972811729704,48
KHM1039,2024,2022,FALSE,2019,2099,-325.8361475467682,10701.853176018813,48
KHM1039,2024,2022,TRUE,2019,2099,-2.402064561843872,801.895,48
KHM1039,2024,2023,FALSE,2019,2099,-372.3616455793381,4156.522534955544,48
KHM1039,2024,2023,TRUE,2019,2099,-371.36335921287537,9831.47309403356,48
KHM1043,2024,2019,FALSE,2019,2099,-187.9478816986084,2464.636786323489,14
KHM1043,2024,2019,TRUE,2019,2099,-22.544739246368408,4464.555,14
KHM1043,2024,2020,FALSE,2019,2099,-123.24456024169922,1410.7957582128863,14
KHM1043,2024,2020,TRUE,2019,2099,-164.1535828113556,8404.993293904246,14
KHM1043,2024,2021,FALSE,2019,2099,-379.946360707283,14326.352962805684,14
KHM1043,2024,2021,TRUE,2019,2099,-112.8914122581482,5093.080313103652,14
KHM1043,2024,2022,FALSE,2019,2099,-7.641387104988098,149.08927213520292,14
KHM1043,2024,2022,TRUE,2019,2099,0,0,14
KHM1043,2024,2023,FALSE,2019,2099,-122.58273696899414,3110.4669311668663,14
KHM1043,2024,2023,TRUE,2019,2099,0,0,14
KHM1044,2024,2019,FALSE,2019,2099,-27.505447811550564,301.7549228627692,18
KHM1044,2024,2019,TRUE,2019,2099,-102.59307601716783,1810.546017952128,18
KHM1044,2024,2020,FALSE,2019,2099,-170.20052998595767,2829.1235475773087,18
KHM1044,2024,2020,TRUE,2019,2099,-336.7222202089098,7105.807594345914,18
KHM1044,2024,2021,FALSE,2019,2099,-302.55026806725397,10119.42100228396,18
KHM1044,2024,2021,TRUE,2019,2099,-99.6156285074022,1277.539340774236,18
KHM1044,2024,2022,FALSE,2019,2099,-12.953221175405714,270.92730592885226,18
KHM1044,2024,2022,TRUE,2019,2099,-278.81467734442816,5152.132311800405,18
KHM1044,2024,2023,FALSE,2019,2099,-174.1067479716407,3582.0925432793492,18
KHM1044,2024,2023,TRUE,2019,2099,-28.54940970738729,1524.6094222718284,18
KHM1046,2024,2019,FALSE,2019,2099,-144.9820041656494,1538.7785714285715,21
KHM1046,2024,2019,TRUE,2019,2099,-112.99164090837752,1379.5762083855884,21
KHM1046,2024,2020,FALSE,2019,2099,-16.338247571672714,212.3357142857143,21
KHM1046,2024,2020,TRUE,2019,2099,0,0,21
KHM1046,2024,2021,FALSE,2019,2099,0,0,21
KHM1046,2024,2021,TRUE,2019,2099,0,0,21
KHM1046,2024,2022,FALSE,2019,2099,-145.77795573643277,2689.585714285714,21
KHM1046,2024,2022,TRUE,2019,2099,0,0,21
KHM1046,2024,2023,FALSE,2019,2099,-222.25334984915597,8534.095278786488,21
KHM1046,2024,2023,TRUE,2019,2099,-155.59133325304305,4259.116648757269,21
KHM1048,2024,2019,FALSE,2019,2099,-22.320616846499234,409.4001102521027,23
KHM1048,2024,2019,TRUE,2019,2099,0,0,23
KHM1048,2024,2020,FALSE,2019,2099,-148.1476436594258,2949.01329938742,23
KHM1048,2024,2020,TRUE,2019,2099,-384.66528455070824,10612.727625483098,23
KHM1048,2024,2021,FALSE,2019,2099,-483.2767756710881,16690.36896322845,23
KHM1048,2024,2021,TRUE,2019,2099,-500.2260292457497,11514.428269745138,23
KHM1048,2024,2022,FALSE,2019,2099,-14.405641856400862,301.30588256618347,23
KHM1048,2024,2022,TRUE,2019,2099,-460.4051645683205,6273.585305734642,23
KHM1048,2024,2023,FALSE,2019,2099,-214.06472546121347,4087.464346809715,23
KHM1048,2024,2023,TRUE,2019,2099,0,0,23
KHM1051,2024,2019,FALSE,2019,2099,-23.742219924926758,2131.386656948593,19
KHM1051,2024,2019,TRUE,2019,2099,0,0,19
KHM1051,2024,2020,FALSE,2019,2099,-82.46779489517212,4095.4217084136003,19
KHM1051,2024,2020,TRUE,2019,2099,-71.87842750549316,1838.7973893993521,19
KHM1051,2024,2021,FALSE,2019,2099,-68.38782119750977,1600.6277921617423,19
KHM1051,2024,2021,TRUE,2019,2099,-103.02982997894287,2397.5553904042126,19
KHM1051,2024,2022,FALSE,2019,2099,-154.26129627227783,3505.4959025739727,19
KHM1051,2024,2022,TRUE,2019,2099,0,0,19
KHM1051,2024,2023,FALSE,2019,2099,-228.34249114990234,5133.737832280249,19
KHM1051,2024,2023,TRUE,2019,2099,-166.69028854370117,4605.6070825217375,19
KHM1052,2024,2019,FALSE,2019,2099,0,0,27
KHM1052,2024,2019,TRUE,2019,2099,-175.3474636077881,2151.3698402895143,27
KHM1052,2024,2020,FALSE,2019,2099,0,0,27
KHM1052,2024,2020,TRUE,2019,2099,-262.99999380111694,3840.0392677810714,27
KHM1052,2024,2021,FALSE,2019,2099,0,0,27
KHM1052,2024,2021,TRUE,2019,2099,-470.2183973789215,7990.834484651971,27
KHM1052,2024,2022,FALSE,2019,2099,-89.9531478881836,2591.068086679821,27
KHM1052,2024,2022,TRUE,2019,2099,-431.6674792766571,5414.54749748266,27
KHM1052,2024,2023,FALSE,2019,2099,-662.8959708213806,3917.6769133201788,27
KHM1052,2024,2023,TRUE,2019,2099,-146.61598706245422,3848.9889097947826,27
KHM1053,2024,2019,FALSE,2019,2099,-210.57124161720276,4736.073731014212,38
KHM1053,2024,2019,TRUE,2019,2099,-283.5778570175171,10654.075626721422,38
KHM1053,2024,2020,FALSE,2019,2099,-129.15234375,5121.242012447937,38
KHM1053,2024,2020,TRUE,2019,2099,-169.19679629802704,4244.101912805901,38
KHM1053,2024,2021,FALSE,2019,2099,-276.6506036520004,3716.0587606398817,38
KHM1053,2024,2021,TRUE,2019,2099,-127.54015100002289,3212.1437282226584,38
KHM1053,2024,2022,FALSE,2019,2099,-12.560124397277832,199.81398905652998,38
KHM1053,2024,2022,TRUE,2019,2099,0,0,38
KHM1053,2024,2023,FALSE,2019,2099,-48.47862005233765,186.3755367238964,38
KHM1053,2024,2023,TRUE,2019,2099,-190.6624834537506,6451.146100940492,38
KHM1054,2024,2019,FALSE,2019,2099,-125.46420633792877,2526.9578629766884,36
KHM1054,2024,2019,TRUE,2019,2099,-8.49043083190918,90.95879048052592,36
KHM1054,2024,2020,FALSE,2019,2099,-237.6461079120636,2508.627743776977,36
KHM1054,2024,2020,TRUE,2019,2099,-85.00000071525574,1760.8554547113097,36
KHM1054,2024,2021,FALSE,2019,2099,-140.64204800128937,1024.9814790385606,36
KHM1054,2024,2021,TRUE,2019,2099,-119.8416018486023,2823.8700858491416,36
KHM1054,2024,2022,FALSE,2019,2099,-130.79038870334625,2623.349789420161,36
KHM1054,2024,2022,TRUE,2019,2099,-67.50063991546631,1227.140659019929,36
KHM1054,2024,2023,FALSE,2019,2099,-84.95335900783539,2034.4996354724858,36
KHM1054,2024,2023,TRUE,2019,2099,-194.29599022865295,3585.960009939094,36
KHM1055,2024,2019,FALSE,2019,2099,0,0,15
KHM1055,2024,2019,TRUE,2019,2099,-141.0176773071289,1781.1980667947928,15
KHM1055,2024,2020,FALSE,2019,2099,-156.63554763793945,3541.1137098301797,15
KHM1055,2024,2020,TRUE,2019,2099,-400.5011260509491,9435.764247693449,15
KHM1055,2024,2021,FALSE,2019,2099,0,0,15
KHM1055,2024,2021,TRUE,2019,2099,-112.74291181564331,2484.2665747174146,15
KHM1055,2024,2022,FALSE,2019,2099,-153.4031753540039,3938.3749034262764,15
KHM1055,2024,2022,TRUE,2019,2099,-13.584689140319824,392.50623941009655,15
KHM1055,2024,2023,FALSE,2019,2099,-75.26094436645508,1192.741975036586,15
KHM1055,2024,2023,TRUE,2019,2099,-74.66512203216553,471.7587420538098,15
KHM1056,2024,2019,FALSE,2019,2099,-163.5572545528412,121.11,42
KHM1056,2024,2019,TRUE,2019,2099,-395.32520484924316,5858.167490761013,42
KHM1056,2024,2020,FALSE,2019,2099,-114.00476801395416,1951.2284197240747,42
KHM1056,2024,2020,TRUE,2019,2099,-615.5707411766052,11831.449030075153,42
KHM1056,2024,2021,FALSE,2019,2099,-131.30597519874573,589.4810253349948,42
KHM1056,2024,2021,TRUE,2019,2099,-406.93185687065125,4322.458940616947,42
KHM1056,2024,2022,FALSE,2019,2099,-142.68495178222656,3897.766868303514,42
KHM1056,2024,2022,TRUE,2019,2099,-403.43117094039917,10091.1125835627,42
KHM1056,2024,2023,FALSE,2019,2099,-216.67905974388123,3589.5935489763588,42
KHM1056,2024,2023,TRUE,2019,2099,-267.99999713897705,7797.6215352503,42
KHM1059,2024,2019,FALSE,2019,2099,-5.929339196946886,40.01071057311935,9
KHM1059,2024,2019,TRUE,2019,2099,-263.48705479833814,1623.1294492917223,9
KHM1059,2024,2020,FALSE,2019,2099,-3.4544843700197005,273.8227777777778,9
KHM1059,2024,2020,TRUE,2019,2099,-258.11218837896985,1145.2606917640583,9
KHM1059,2024,2021,FALSE,2019,2099,-3.04200890329149,231.3376861788768,9
KHM1059,2024,2021,TRUE,2019,2099,0,0,9
KHM1059,2024,2022,FALSE,2019,2099,-117.0226919386122,1240.8677777777777,9
KHM1059,2024,2022,TRUE,2019,2099,-119.3114605612225,910.9391204932848,9
KHM1059,2024,2023,FALSE,2019,2099,-28.7852336830563,751.1543810257816,9
KHM1059,2024,2023,TRUE,2019,2099,-81.4159661134084,826.6151828953791,9
KHM1067,2024,2019,FALSE,2019,2099,-93.05290520191193,302.49663078884515,43
KHM1067,2024,2019,TRUE,2019,2099,-216.5811004638672,1055.3492690828798,43
KHM1067,2024,2020,FALSE,2019,2099,-89.63874530792236,1318.8093508575444,43
KHM1067,2024,2020,TRUE,2019,2099,-786.219074010849,6586.276635037036,43
KHM1067,2024,2021,FALSE,2019,2099,-184.64470219612122,882.1084612929787,43
KHM1067,2024,2021,TRUE,2019,2099,-583.6318943500519,8797.057847881264,43
KHM1067,2024,2022,FALSE,2019,2099,-204.8828525543213,5645.548928075768,43
KHM1067,2024,2022,TRUE,2019,2099,-728.9999976158142,7447.793289606556,43
KHM1067,2024,2023,FALSE,2019,2099,-151.4093372821808,6090.431491323806,43
KHM1067,2024,2023,TRUE,2019,2099,-4.193483829498291,54.59753265216189,43
KHM1071,2024,2019,FALSE,2019,2099,0,0,12
KHM1071,2024,2019,TRUE,2019,2099,-2.402064561843872,466.09,12
KHM1071,2024,2020,FALSE,2019,2099,-127.38689994812012,3813.122622765542,12
KHM1071,2024,2020,TRUE,2019,2099,0,0,12
KHM1071,2024,2021,FALSE,2019,2099,-26.127532958984375,461.405794529481,12
KHM1071,2024,2021,TRUE,2019,2099,0,0,12
KHM1071,2024,2022,FALSE,2019,2099,-19.106582641601563,293.72539449853247,12
KHM1071,2024,2022,TRUE,2019,2099,0,0,12
KHM1071,2024,2023,FALSE,2019,2099,-142.38495421409607,5317.41405144081,12
KHM1071,2024,2023,TRUE,2019,2099,0,0,12
KHM1075,2024,2019,FALSE,2019,2099,-24.92168617248535,364.96540339374474,19
KHM1075,2024,2019,TRUE,2019,2099,-11.436775207519531,112.76064783044289,19
KHM1075,2024,2020,FALSE,2019,2099,0,0,19
KHM1075,2024,2020,TRUE,2019,2099,-141.84860801696777,2880.3079061638773,19
KHM1075,2024,2021,FALSE,2019,2099,-49.36048889160156,692.239418942332,19
KHM1075,2024,2021,TRUE,2019,2099,-87.1867048740387,1191.991969721245,19
KHM1075,2024,2022,FALSE,2019,2099,-586.7252717018127,6552.273695808112,19
KHM1075,2024,2022,TRUE,2019,2099,-370.1404917240143,7450.484358392773,19
KHM1075,2024,2023,FALSE,2019,2099,-513.7976491451263,12457.294568572093,19
KHM1075,2024,2023,TRUE,2019,2099,-107.84013342857361,2712.7793746233237,19
KHM1077,2024,2019,FALSE,2019,2099,-31.638027994256273,972.2835150702142,19
KHM1077,2024,2019,TRUE,2019,2099,0,0,19
KHM1077,2024,2020,FALSE,2019,2099,0,0,19
KHM1077,2024,2020,TRUE,2019,2099,-121.38261975740132,2896.853233201756,19
KHM1077,2024,2021,FALSE,2019,2099,-2.370458904065584,32.41018027170917,19
KHM1077,2024,2021,TRUE,2019,2099,-194.47096503408332,3233.6896163484284,19
KHM1077,2024,2022,FALSE,2019,2099,-304.5323140997636,3284.2738225918597,19
KHM1077,2024,2022,TRUE,2019,2099,-247.31588213067306,5494.617562922816,19
KHM1077,2024,2023,FALSE,2019,2099,-258.1384226397464,11030.906162200808,19
KHM1077,2024,2023,TRUE,2019,2099,0,0,19
KHM1078,2024,2019,FALSE,2019,2099,-16.473668098449707,436.781938902103,18
KHM1078,2024,2019,TRUE,2019,2099,-104.81012471516928,2230.9100646983684,18
KHM1078,2024,2020,FALSE,2019,2099,-34.879924933115646,437.2198247273746,18
KHM1078,2024,2020,TRUE,2019,2099,-190.4417208035787,2722.3186302835666,18
KHM1078,2024,2021,FALSE,2019,2099,-188.02033972740173,2706.9034378976835,18
KHM1078,2024,2021,TRUE,2019,2099,-85.46263027191162,1399.1288828387735,18
KHM1078,2024,2022,FALSE,2019,2099,-324.94919633865356,4988.809600408649,18
KHM1078,2024,2022,TRUE,2019,2099,-591.8797402779262,10608.952847183358,18
KHM1078,2024,2023,FALSE,2019,2099,-504.3057944377264,15182.677069805653,18
KHM1078,2024,2023,TRUE,2019,2099,0,0,18
KHM1079,2024,2019,FALSE,2019,2099,-132.42340547898237,727.5391850611812,17
KHM1079,2024,2019,TRUE,2019,2099,-164.73254164527444,3415.1534485238385,17
KHM1079,2024,2020,FALSE,2019,2099,-13.114247770870433,62.86958293031721,17
KHM1079,2024,2020,TRUE,2019,2099,-235.96878450057088,10758.971516738226,17
KHM1079,2024,2021,FALSE,2019,2099,-14.598705684437473,69.98606048466604,17
KHM1079,2024,2021,TRUE,2019,2099,-17.925249169854556,1311.6196803754447,17
KHM1079,2024,2022,FALSE,2019,2099,-131.58566463694854,2522.301725171529,17
KHM1079,2024,2022,TRUE,2019,2099,-94.56868962680592,1457.2693509334204,17
KHM1079,2024,2023,FALSE,2019,2099,-483.1219088610481,13803.616548632535,17
KHM1079,2024,2023,TRUE,2019,2099,0,0,17
KHM1110,2024,2019,FALSE,2019,2099,-118.23307220424924,551.8659089684339,28
KHM1110,2024,2019,TRUE,2019,2099,-38.34633544513157,49.685843066598835,28
KHM1110,2024,2020,FALSE,2019,2099,-184.6836784311703,406.266709274491,28
KHM1110,2024,2020,TRUE,2019,2099,-352.2959054708481,1990.3516210531882,28
KHM1110,2024,2021,FALSE,2019,2099,-360.737871655396,3360.62299097382,28
KHM1110,2024,2021,TRUE,2019,2099,-397.16008346421376,1265.5689149181576,28
KHM1110,2024,2022,FALSE,2019,2099,-708.5378702282906,5762.290431626815,28
KHM1110,2024,2022,TRUE,2019,2099,-232.44812422139302,1767.2083207755388,28
KHM1110,2024,2023,FALSE,2019,2099,-1069.7127963474818,12876.376816299296,28
KHM1110,2024,2023,TRUE,2019,2099,-9.321018376520701,145.26994304365874,28
KHM1116,2024,2001,FALSE,2001,2099,-5077.036155952794,141669.6837250329,2194
KHM1116,2024,2001,TRUE,2001,2099,-5105.717287759402,140360.91906973557,2194
KHM1116,2024,2002,FALSE,2001,2099,-1915.5510839520525,51392.175489788446,2194
KHM1116,2024,2002,TRUE,2001,2099,-2702.550594866656,72573.68259463135,2194
KHM1116,2024,2003,FALSE,2001,2099,-6480.089120973102,166162.81497778327,2194
KHM1116,2024,2003,TRUE,2001,2099,-1121.0626181136943,29599.58896718251,2194
KHM1116,2024,2004,FALSE,2001,2099,-5157.132815930609,127155.66300970936,2194
KHM1116,2024,2004,TRUE,2001,2099,-6118.318441520523,174894.40295493638,2194
KHM1116,2024,2005,FALSE,2001,2099,-9543.802213711855,248122.61859691184,2194
KHM1116,2024,2005,TRUE,2001,2099,-11273.464923963997,282774.948228261,2194
KHM1116,2024,2006,FALSE,2001,2099,-9847.213883484725,260330.523057486,2194
KHM1116,2024,2006,TRUE,2001,2099,-11294.824722158331,313639.089273645,2194
KHM1116,2024,2007,FALSE,2001,2099,-6159.2925090241015,151636.0797806896,2194
KHM1116,2024,2007,TRUE,2001,2099,-5269.380262120376,132805.47624648502,2194
KHM1116,2024,2008,FALSE,2001,2099,-3437.4068915831463,80242.71755867799,2194
KHM1116,2024,2008,TRUE,2001,2099,-2471.400554420737,68983.80482721879,2194
KHM1116,2024,2009,FALSE,2001,2099,-13685.826982350487,373949.1004005007,2194
KHM1116,2024,2009,TRUE,2001,2099,-11034.29221614383,300232.32976637955,2194
KHM1116,2024,2010,FALSE,2001,2099,-15280.232739724781,387915.9243885403,2194
KHM1116,2024,2010,TRUE,2001,2099,-12128.001920383684,316338.25239084236,2194
KHM1116,2024,2011,FALSE,2001,2099,-9045.206808399696,213661.65007857644,2194
KHM1116,2024,2011,TRUE,2001,2099,-10570.14153621239,222325.3515595274,2194
KHM1116,2024,2012,FALSE,2001,2099,-29197.57134601145,791326.4343290983,2194
KHM1116,2024,2012,TRUE,2001,2099,-39587.00992328249,1127986.5825306624,2194
KHM1116,2024,2013,FALSE,2001,2099,-8600.196843445627,207040.84713509376,2194
KHM1116,2024,2013,TRUE,2001,2099,-7891.287823878533,165897.85797579377,2194
KHM1116,2024,2014,FALSE,2001,2099,-10893.809089863147,245452.67235484332,2194
KHM1116,2024,2014,TRUE,2001,2099,-12081.609706302284,305291.3470976883,2194
KHM1116,2024,2015,FALSE,2001,2099,-3139.7935842220195,54383.656364522714,2194
KHM1116,2024,2015,TRUE,2001,2099,-1551.311750967935,21287.210699425876,2194
KHM1116,2024,2016,FALSE,2001,2099,-15005.871685671393,257007.03736890116,2194
KHM1116,2024,2016,TRUE,2001,2099,-9901.390757178651,181510.22942268808,2194
KHM1116,2024,2017,FALSE,2001,2099,-11107.465433285523,239444.71813871694,2194
KHM1116,2024,2017,TRUE,2001,2099,-8016.74747837796,203134.26049452033,2194
KHM1116,2024,2018,FALSE,2001,2099,-2018.5641228599557,29459.653590216727,2194
KHM1116,2024,2018,TRUE,2001,2099,-2392.202969979349,43098.46224079361,2194
KHM1116,2024,2019,FALSE,2001,2099,-6886.43024101943,113181.22148329833,2194
KHM1116,2024,2019,TRUE,2001,2099,-7984.290456294144,147460.33768369956,2194
KHM1116,2024,2020,FALSE,2001,2099,-13610.938222341083,308608.3120762289,2194
KHM1116,2024,2020,TRUE,2001,2099,-10263.518699487013,242887.08712371744,2194
KHM1116,2024,2021,FALSE,2001,2099,-7408.6520772848,118689.54661138458,2194
KHM1116,2024,2021,TRUE,2001,2099,-4629.774604049832,86402.40055977777,2194
KHM1116,2024,2022,FALSE,2001,2099,-3842.2534549681836,75936.22354657057,2194
KHM1116,2024,2022,TRUE,2001,2099,-5387.827123993129,94118.46590928081,2194
KHM1116,2024,2023,FALSE,2001,2099,-7295.347326829635,123020.31016914414,2194
KHM1116,2024,2023,TRUE,2001,2099,-10083.05347918361,173780.4052878169,2194
KHM1117,2024,2018,FALSE,2018,2099,-11151.264014597627,123802.64795998155,3325
KHM1117,2024,2018,TRUE,2018,2099,-8552.82171165017,126199.22629826759,3325
KHM1117,2024,2019,FALSE,2018,2099,-13912.34384845061,144914.738984604,3325
KHM1117,2024,2019,TRUE,2018,2099,-14710.018489705646,185883.2437929178,3325
KHM1117,2024,2020,FALSE,2018,2099,-15983.878772656406,217119.58199820496,3325
KHM1117,2024,2020,TRUE,2018,2099,-16839.37649671331,216649.4319299265,3325
KHM1117,2024,2021,FALSE,2018,2099,-21675.031179995534,179370.45085073914,3325
KHM1117,2024,2021,TRUE,2018,2099,-24524.886217122654,295473.34430870134,3325
KHM1117,2024,2022,FALSE,2018,2099,-32855.44610785782,458290.0767667136,3325
KHM1117,2024,2022,TRUE,2018,2099,-17747.47045505223,241626.34111797856,3325
KHM1117,2024,2023,FALSE,2018,2099,-34425.312046206695,623073.901683161,3325
KHM1117,2024,2023,TRUE,2018,2099,-23398.546740088295,369426.1427208974,3325
KHM1129,2024,2020,FALSE,2020,2099,0,0,44
KHM1129,2024,2020,TRUE,2020,2099,0,0,44
KHM1129,2024,2021,FALSE,2020,2099,0,0,44
KHM1129,2024,2021,TRUE,2020,2099,0,0,44
KHM1129,2024,2022,FALSE,2020,2099,0,0,44
KHM1129,2024,2022,TRUE,2020,2099,0,0,44
KHM1129,2024,2023,FALSE,2020,2099,0,0,44
KHM1129,2024,2023,TRUE,2020,2099,0,0,44
KHM1130,2024,2020,FALSE,2020,2099,0,0,54
KHM1130,2024,2020,TRUE,2020,2099,0,0,54
KHM1130,2024,2021,FALSE,2020,2099,-47.73117872741487,695.3630555555555,54
KHM1130,2024,2021,TRUE,2020,2099,-2.1321356296539307,116.21666666666667,54
KHM1130,2024,2022,FALSE,2020,2099,0,0,54
KHM1130,2024,2022,TRUE,2020,2099,0,0,54
KHM1130,2024,2023,FALSE,2020,2099,0,0,54
KHM1130,2024,2023,TRUE,2020,2099,0,0,54
KHM1131,2024,2001,FALSE,2001,2023,-349.53675953168715,8239.05483976455,756
KHM1131,2024,2001,TRUE,2001,2023,-362.3520686891344,9234.512931119107,756
KHM1131,2024,2002,FALSE,2001,2023,-73.35902404028272,2295.1276579809974,756
KHM1131,2024,2002,TRUE,2001,2023,0,0,756
KHM1131,2024,2003,FALSE,2001,2023,-264.47610835423546,6810.890053853918,756
KHM1131,2024,2003,TRUE,2001,2023,0,0,756
KHM1131,2024,2004,FALSE,2001,2023,-357.82081492599985,4834.127534241925,756
KHM1131,2024,2004,TRUE,2001,2023,-1197.7915767488025,34154.10904626366,756
KHM1131,2024,2005,FALSE,2001,2023,-1454.7493572310796,39993.39964261267,756
KHM1131,2024,2005,TRUE,2001,2023,-1314.3203437366183,38435.69413356812,756
KHM1131,2024,2006,FALSE,2001,2023,-658.0849764801206,19537.503161720488,756
KHM1131,2024,2006,TRUE,2001,2023,-888.6750356431991,26719.927520383106,756
KHM1131,2024,2007,FALSE,2001,2023,-327.4518799725033,8295.342269166586,756
KHM1131,2024,2007,TRUE,2001,2023,-355.5806971353198,12220.038815783393,756
KHM1131,2024,2008,FALSE,2001,2023,-518.4392294117382,13873.459104255666,756
KHM1131,2024,2008,TRUE,2001,2023,-334.115066130956,7885.5034436563,756
KHM1131,2024,2009,FALSE,2001,2023,-2232.3466398971423,54006.26438672242,756
KHM1131,2024,2009,TRUE,2001,2023,-1311.3965197025784,31278.183633233235,756
KHM1131,2024,2010,FALSE,2001,2023,-6056.592745157935,158119.46248514985,756
KHM1131,2024,2010,TRUE,2001,2023,-7146.725400840952,192612.85409610413,756
KHM1131,2024,2011,FALSE,2001,2023,-905.3829373315214,20325.588322842807,756
KHM1131,2024,2011,TRUE,2001,2023,-1547.5461376290473,42270.45335309144,756
KHM1131,2024,2012,FALSE,2001,2023,-2314.764044453227,58652.53732878805,756
KHM1131,2024,2012,TRUE,2001,2023,-2054.7359851471015,53599.740660102776,756
KHM1131,2024,2013,FALSE,2001,2023,-2280.340111624627,59586.18881660012,756
KHM1131,2024,2013,TRUE,2001,2023,-3729.228312183467,103295.9119446448,756
KHM1131,2024,2014,FALSE,2001,2023,-3892.1114017755267,99539.09323087076,756
KHM1131,2024,2014,TRUE,2001,2023,-2138.785669807404,53222.32605724628,756
KHM1131,2024,2015,FALSE,2001,2023,-792.6029354400105,15016.005292708443,756
KHM1131,2024,2015,TRUE,2001,2023,-876.5975316621008,16188.161479108661,756
KHM1131,2024,2016,FALSE,2001,2023,-7160.311830807773,142888.6107353057,756
KHM1131,2024,2016,TRUE,2001,2023,-6937.782255358166,159033.57277912376,756
KHM1131,2024,2017,FALSE,2001,2023,-2038.7979621693255,43747.695537426865,756
KHM1131,2024,2017,TRUE,2001,2023,-2305.8339364415124,67590.89263086577,756
KHM1131,2024,2018,FALSE,2001,2023,-625.4850239772645,12470.42378263777,756
KHM1131,2024,2018,TRUE,2001,2023,-87.53175519383143,3274.0622040258268,756
KHM1131,2024,2019,FALSE,2001,2023,-2174.99433067914,33748.48865516244,756
KHM1131,2024,2019,TRUE,2001,2023,-2565.4671248826717,64259.21146096325,756
KHM1131,2024,2020,FALSE,2001,2023,-5351.072692969961,120230.16600982987,756
KHM1131,2024,2020,TRUE,2001,2023,-3326.4863144135666,66121.41264311272,756
KHM1131,2024,2021,FALSE,2001,2023,-1875.4587338292408,31456.361789411643,756
KHM1131,2024,2021,TRUE,2001,2023,-988.268473041909,12563.951737823068,756
KHM1131,2024,2022,FALSE,2001,2023,-978.7176362895776,20099.560158912518,756
KHM1131,2024,2022,TRUE,2001,2023,-716.3291904065344,13919.53942511739,756
KHM1131,2024,2023,FALSE,2001,2023,-2864.142087476121,59146.584869108396,756
KHM1131,2024,2023,TRUE,2001,2023,-1464.4164789167662,20138.375931993298,756
KHM1137,2024,2017,FALSE,2017,2099,-681.4685866806533,6293.44098376084,91
KHM1137,2024,2017,TRUE,2017,2099,-228.44933213768422,2991.0903296703295,91
KHM1137,2024,2018,FALSE,2017,2099,0,0,91
KHM1137,2024,2018,TRUE,2017,2099,0,0,91
KHM1137,2024,2019,FALSE,2017,2099,0,0,91
KHM1137,2024,2019,TRUE,2017,2099,0,0,91
KHM1137,2024,2020,FALSE,2017,2099,0,0,91
KHM1137,2024,2020,TRUE,2017,2099,0,0,91
KHM1137,2024,2021,FALSE,2017,2099,0,0,91
KHM1137,2024,2021,TRUE,2017,2099,0,0,91
KHM1137,2024,2022,FALSE,2017,2099,0,0,91
KHM1137,2024,2022,TRUE,2017,2099,0,0,91
KHM1137,2024,2023,FALSE,2017,2099,0,0,91
KHM1137,2024,2023,TRUE,2017,2099,0,0,91
KHM1159,2024,2023,FALSE,2023,2099,0,0,16
KHM1159,2024,2023,TRUE,2023,2099,0,0,16
KHM1160,2024,2019,FALSE,2019,2099,-139.62617218494415,2367.15,24
KHM1160,2024,2019,TRUE,2019,2099,-227.57942497730255,6299.6502345762365,24
KHM1160,2024,2020,FALSE,2019,2099,-338.1529372930527,1937.4372741268212,24
KHM1160,2024,2020,TRUE,2019,2099,0,0,24
KHM1160,2024,2021,FALSE,2019,2099,-256.19573414325714,7526.247633717216,24
KHM1160,2024,2021,TRUE,2019,2099,-142.901990711689,2988.7134545379454,24
KHM1160,2024,2022,FALSE,2019,2099,-411.76980435848236,10181.4945121136,24
KHM1160,2024,2022,TRUE,2019,2099,-944.5531207323074,14774.661578406416,24
KHM1160,2024,2023,FALSE,2019,2099,-50.09124577045441,1226.5336750302752,24
KHM1160,2024,2023,TRUE,2019,2099,0,0,24
KHM1205,2024,2019,FALSE,2019,2099,-71.28192637516902,1132.6184615384614,13
KHM1205,2024,2019,TRUE,2019,2099,-393.8123710338886,0,13
KHM1205,2024,2020,FALSE,2019,2099,-191.43708683894232,766.9097862061957,13
KHM1205,2024,2020,TRUE,2019,2099,-565.1202023946322,0,13
KHM1205,2024,2021,FALSE,2019,2099,-26.255705319918118,148.77615384615385,13
KHM1205,2024,2021,TRUE,2019,2099,-836.7282105959379,0,13
KHM1205,2024,2022,FALSE,2019,2099,-162.03142958420975,558.1209465261643,13
KHM1205,2024,2022,TRUE,2019,2099,-248.46153160241934,0,13
KHM1205,2024,2023,FALSE,2019,2099,-32.458490298344536,111.8040084853253,13
KHM1205,2024,2023,TRUE,2019,2099,0,0,13
LBR1001,2024,2014,FALSE,2014,2099,-365.2252873011998,3852.4514285714286,6
LBR1001,2024,2014,TRUE,2014,2099,-67.89449746268136,7188.061412778251,6
LBR1001,2024,2015,FALSE,2014,2099,0,0,6
LBR1001,2024,2015,TRUE,2014,2099,0,0,6
LBR1001,2024,2016,FALSE,2014,2099,-632.4495740618024,10692.282857142856,6
LBR1001,2024,2016,TRUE,2014,2099,-13.554506574358259,106.36290037965162,6
LBR1001,2024,2017,FALSE,2014,2099,-34.192430768694194,598.6925458248406,6
LBR1001,2024,2017,TRUE,2014,2099,-51.120565686907085,401.1456710489198,6
LBR1001,2024,2018,FALSE,2014,2099,-205.64877918788363,3600.808377463784,6
LBR1001,2024,2018,TRUE,2014,2099,0,0,6
LBR1001,2024,2019,FALSE,2014,2099,0,0,6
LBR1001,2024,2019,TRUE,2014,2099,0,0,6
LBR1001,2024,2020,FALSE,2014,2099,-46.053789956229075,806.3790767113754,6
LBR1001,2024,2020,TRUE,2014,2099,0,0,6
LBR1001,2024,2021,FALSE,2014,2099,0,0,6
LBR1001,2024,2021,TRUE,2014,2099,-77.06960841587612,6793.694285714286,6
LBR1001,2024,2022,FALSE,2014,2099,0,0,6
LBR1001,2024,2022,TRUE,2014,2099,0,0,6
LBR1001,2024,2023,FALSE,2014,2099,0,0,6
LBR1001,2024,2023,TRUE,2014,2099,0,0,6
LBR1016,2024,2016,FALSE,2016,2099,-3760.5234284285766,78692.09929289659,207
LBR1016,2024,2016,TRUE,2016,2099,-3451.150217516987,18286.07944854367,207
LBR1016,2024,2017,FALSE,2016,2099,-3227.26883682767,46652.52349006114,207
LBR1016,2024,2017,TRUE,2016,2099,-7439.881744968719,48632.818634541545,207
LBR1016,2024,2018,FALSE,2016,2099,-2711.3908700165543,43449.165682177445,207
LBR1016,2024,2018,TRUE,2016,2099,-10007.31471720813,56935.4889021404,207
LBR1016,2024,2019,FALSE,2016,2099,-2455.5441802670994,55083.79529382734,207
LBR1016,2024,2019,TRUE,2016,2099,-2932.109808493352,18147.46961942598,207
LBR1016,2024,2020,FALSE,2016,2099,-1873.019957961092,48697.010511618566,207
LBR1016,2024,2020,TRUE,2016,2099,-3099.444289741309,29392.46667226945,207
LBR1016,2024,2021,FALSE,2016,2099,-3300.9195314519075,131408.31926131423,207
LBR1016,2024,2021,TRUE,2016,2099,-2575.048699896117,18887.808895458147,207
LBR1016,2024,2022,FALSE,2016,2099,-1339.5575535211012,28207.81382432434,207
LBR1016,2024,2022,TRUE,2016,2099,-2364.810853039009,20783.401306813972,207
LBR1016,2024,2023,FALSE,2016,2099,-254.58362634055283,7750.912918391226,207
LBR1016,2024,2023,TRUE,2016,2099,-4065.10091051157,37212.83869471988,207
MDG1012,2024,2003,FALSE,2003,2099,-4185.480656233179,42005.21316743977,249
MDG1012,2024,2003,TRUE,2003,2099,-2846.9500776313876,30314.999204715343,249
MDG1012,2024,2004,FALSE,2003,2099,-14099.554716575578,323115.90933814156,249
MDG1012,2024,2004,TRUE,2003,2099,-10620.236172304098,179947.7360439816,249
MDG1012,2024,2005,FALSE,2003,2099,-1547.2015691550382,8753.196911676541,249
MDG1012,2024,2005,TRUE,2003,2099,-3452.7006612858145,41067.96298780282,249
MDG1012,2024,2006,FALSE,2003,2099,-1679.8302280701787,36526.70830799854,249
MDG1012,2024,2006,TRUE,2003,2099,-3104.8347603958778,42418.50974694253,249
MDG1012,2024,2007,FALSE,2003,2099,-9548.972402314106,121903.65935420574,249
MDG1012,2024,2007,TRUE,2003,2099,-21706.590513493644,255070.79621188444,249
MDG1012,2024,2008,FALSE,2003,2099,-1652.1586789395437,1266.8414423393724,249
MDG1012,2024,2008,TRUE,2003,2099,-7693.472727178091,90394.23484557157,249
MDG1012,2024,2009,FALSE,2003,2099,-3271.886826296887,40555.80813922651,249
MDG1012,2024,2009,TRUE,2003,2099,-2659.471416041076,1382.4957600151688,249
MDG1012,2024,2010,FALSE,2003,2099,-682.2748089181372,6914.267709028207,249
MDG1012,2024,2010,TRUE,2003,2099,-3909.9592918430467,70544.56597472959,249
MDG1012,2024,2011,FALSE,2003,2099,-12131.195134016405,191974.26390243348,249
MDG1012,2024,2011,TRUE,2003,2099,-13266.74712108704,214103.54077030445,249
MDG1012,2024,2012,FALSE,2003,2099,-6429.530210822462,66346.64241640728,249
MDG1012,2024,2012,TRUE,2003,2099,-3662.8961713055533,14143.920286559118,249
MDG1012,2024,2013,FALSE,2003,2099,-21761.968148197036,129364.30539200215,249
MDG1012,2024,2013,TRUE,2003,2099,-29944.696155843965,235821.1405066243,249
MDG1012,2024,2014,FALSE,2003,2099,-13293.784937696286,112706.83253304283,249
MDG1012,2024,2014,TRUE,2003,2099,-7701.8750348464555,30227.16704669454,249
MDG1012,2024,2015,FALSE,2003,2099,-16612.706284218526,65745.75197769202,249
MDG1012,2024,2015,TRUE,2003,2099,-10911.123731185156,71788.10397038683,249
MDG1012,2024,2016,FALSE,2003,2099,-32993.75884403091,165954.62878331,249
MDG1012,2024,2016,TRUE,2003,2099,-10993.80250628885,84142.82350851048,249
MDG1012,2024,2017,FALSE,2003,2099,-45308.52367977206,383918.6723277911,249
MDG1012,2024,2017,TRUE,2003,2099,-34388.59359521895,121430.22739916579,249
MDG1012,2024,2018,FALSE,2003,2099,-26058.1728886567,188751.61522754087,249
MDG1012,2024,2018,TRUE,2003,2099,-14007.771182798479,35104.086523173835,249
MDG1012,2024,2019,FALSE,2003,2099,-3812.006551377745,55729.02555820086,249
MDG1012,2024,2019,TRUE,2003,2099,-10044.678152979139,84242.723267278,249
MDG1012,2024,2020,FALSE,2003,2099,-5042.559926050256,37528.15405059904,249
MDG1012,2024,2020,TRUE,2003,2099,-22579.04795488392,183080.75481908908,249
MDG1012,2024,2021,FALSE,2003,2099,-3778.4382715900265,35133.48126104848,249
MDG1012,2024,2021,TRUE,2003,2099,-14154.121886846531,156756.5868398971,249
MDG1012,2024,2022,FALSE,2003,2099,-4605.856138604234,5528.397964641417,249
MDG1012,2024,2022,TRUE,2003,2099,-12556.671309410809,121913.90239949878,249
MDG1012,2024,2023,FALSE,2003,2099,-13480.146053987814,98253.54053487432,249
MDG1012,2024,2023,TRUE,2003,2099,-47521.57763557693,545156.8442146727,249
MDG1013,2024,2004,FALSE,2004,2099,-3053.9615176300713,74188.54669267009,277
MDG1013,2024,2004,TRUE,2004,2099,-2624.058498740627,77576.91603104328,277
MDG1013,2024,2005,FALSE,2004,2099,-3853.88680641918,129520.96707603634,277
MDG1013,2024,2005,TRUE,2004,2099,-3288.72231418045,83186.58742817595,277
MDG1013,2024,2006,FALSE,2004,2099,-6833.606849277924,150684.46950605235,277
MDG1013,2024,2006,TRUE,2004,2099,-2144.8371359071148,34733.72847250252,277
MDG1013,2024,2007,FALSE,2004,2099,-7124.989854957223,186911.90667721804,277
MDG1013,2024,2007,TRUE,2004,2099,-3615.2280647298494,106886.0518360038,277
MDG1013,2024,2008,FALSE,2004,2099,-4328.914726601612,71144.16572656721,277
MDG1013,2024,2008,TRUE,2004,2099,-5206.52502511985,126939.29188122653,277
MDG1013,2024,2009,FALSE,2004,2099,-10908.67857607005,300207.77338774374,277
MDG1013,2024,2009,TRUE,2004,2099,-7837.687719999238,175355.29328321328,277
MDG1013,2024,2010,FALSE,2004,2099,-4063.047059269158,113509.9426781079,277
MDG1013,2024,2010,TRUE,2004,2099,-453.59825018596996,4632.170035361847,277
MDG1013,2024,2011,FALSE,2004,2099,-8156.816338955711,188683.767648115,277
MDG1013,2024,2011,TRUE,2004,2099,-6136.30524991996,119177.3281299425,277
MDG1013,2024,2012,FALSE,2004,2099,-7170.166883215577,187726.87366746104,277
MDG1013,2024,2012,TRUE,2004,2099,-11415.723331000401,222313.11531275054,277
MDG1013,2024,2013,FALSE,2004,2099,-6466.525045890671,99467.94990409471,277
MDG1013,2024,2013,TRUE,2004,2099,-7237.731466558436,126540.80576498252,277
MDG1013,2024,2014,FALSE,2004,2099,-4700.649012348713,127288.9067493285,277
MDG1013,2024,2014,TRUE,2004,2099,-15458.601033386341,289876.2204926097,277
MDG1013,2024,2015,FALSE,2004,2099,-11695.330129083744,170771.78895087008,277
MDG1013,2024,2015,TRUE,2004,2099,-16068.863411006516,170806.3057402967,277
MDG1013,2024,2016,FALSE,2004,2099,-7290.848331024501,96777.62171248124,277
MDG1013,2024,2016,TRUE,2004,2099,-10856.99458312558,92722.29619859006,277
MDG1013,2024,2017,FALSE,2004,2099,-16551.5481444636,231499.59991987108,277
MDG1013,2024,2017,TRUE,2004,2099,-14494.466474019235,256809.2490143987,277
MDG1013,2024,2018,FALSE,2004,2099,-16662.994950559598,219298.5706677477,277
MDG1013,2024,2018,TRUE,2004,2099,-48758.263606637825,585677.1037727584,277
MDG1013,2024,2019,FALSE,2004,2099,-4713.443083938709,78457.41871782391,277
MDG1013,2024,2019,TRUE,2004,2099,-23623.276615500883,330871.80645362614,277
MDG1013,2024,2020,FALSE,2004,2099,-4213.223170701347,68360.06299096043,277
MDG1013,2024,2020,TRUE,2004,2099,-11992.179284158598,174300.48115638163,277
MDG1013,2024,2021,FALSE,2004,2099,-1470.5516533455695,37532.67601480924,277
MDG1013,2024,2021,TRUE,2004,2099,-5001.1891478769185,54407.97773534312,277
MDG1013,2024,2022,FALSE,2004,2099,-6032.5893054283915,98816.8020886109,277
MDG1013,2024,2022,TRUE,2004,2099,-13653.057130119862,261841.69656836236,277
MDG1013,2024,2023,FALSE,2004,2099,-19007.056196719732,377330.1111670537,277
MDG1013,2024,2023,TRUE,2004,2099,-19526.256668561633,285671.3403397043,277
MDG1019,2024,2015,FALSE,2015,2099,-244.92406497463102,3220.6481564127316,31
MDG1019,2024,2015,TRUE,2015,2099,-153.52577923190208,2054.522139290026,31
MDG1019,2024,2016,FALSE,2015,2099,-124.3592116448187,2029.7478103269523,31
MDG1019,2024,2016,TRUE,2015,2099,0,0,31
MDG1019,2024,2017,FALSE,2015,2099,-27.12783210508285,543.473294289347,31
MDG1019,2024,2017,TRUE,2015,2099,-18.375185074344756,431.02000400392467,31
MDG1019,2024,2018,FALSE,2015,2099,-544.825137399858,7272.668759709009,31
MDG1019,2024,2018,TRUE,2015,2099,-916.6479999365345,10341.21404049568,31
MDG1019,2024,2019,FALSE,2015,2099,-14.04090610627205,347.0027139109861,31
MDG1019,2024,2019,TRUE,2015,2099,-673.0387609081884,7849.285285758615,31
MDG1019,2024,2020,FALSE,2015,2099,-19.380409732941658,432.57683943311685,31
MDG1019,2024,2020,TRUE,2015,2099,-240.70968498722198,6094.442829270328,31
MDG1019,2024,2021,FALSE,2015,2099,0,0,31
MDG1019,2024,2021,TRUE,2015,2099,0,0,31
MDG1019,2024,2022,FALSE,2015,2099,-69.6357372037826,1388.4535308564277,31
MDG1019,2024,2022,TRUE,2015,2099,-31.75231102974184,517.7666383827238,31
MDG1019,2024,2023,FALSE,2015,2099,-230.732043696988,5539.882884399858,31
MDG1019,2024,2023,TRUE,2015,2099,-80.67742108914159,403.49383644386756,31
MDG1029,2024,2015,FALSE,2015,2099,0,0,1
MDG1029,2024,2015,TRUE,2015,2099,0,0,1
MDG1029,2024,2016,FALSE,2015,2099,0,0,1
MDG1029,2024,2016,TRUE,2015,2099,0,0,1
MDG1029,2024,2017,FALSE,2015,2099,0,0,1
MDG1029,2024,2017,TRUE,2015,2099,0,0,1
MDG1029,2024,2018,FALSE,2015,2099,0,0,1
MDG1029,2024,2018,TRUE,2015,2099,0,0,1
MDG1029,2024,2019,FALSE,2015,2099,0,0,1
MDG1029,2024,2019,TRUE,2015,2099,0,0,1
MDG1029,2024,2020,FALSE,2015,2099,0,0,1
MDG1029,2024,2020,TRUE,2015,2099,0,0,1
MDG1029,2024,2021,FALSE,2015,2099,0,0,1
MDG1029,2024,2021,TRUE,2015,2099,0,0,1
MDG1029,2024,2022,FALSE,2015,2099,0,0,1
MDG1029,2024,2022,TRUE,2015,2099,0,0,1
MDG1029,2024,2023,FALSE,2015,2099,0,0,1
MDG1029,2024,2023,TRUE,2015,2099,0,0,1
MDG1034,2024,2015,FALSE,2015,2099,-354.74886221634716,4410.512768863657,19
MDG1034,2024,2015,TRUE,2015,2099,-340.4059876893696,5434.78859734821,19
MDG1034,2024,2016,FALSE,2015,2099,-312.39842394778606,5495.903042930098,19
MDG1034,2024,2016,TRUE,2015,2099,-483.6313521736547,17228.239101568004,19
MDG1034,2024,2017,FALSE,2015,2099,-778.257623622292,17134.335018784477,19
MDG1034,2024,2017,TRUE,2015,2099,-340.12311097195277,6075.224170893548,19
MDG1034,2024,2018,FALSE,2015,2099,-556.435087003206,3266.475830182177,19
MDG1034,2024,2018,TRUE,2015,2099,-2546.9163020911974,17655.56786322767,19
MDG1034,2024,2019,FALSE,2015,2099,-34.42229552018015,263.91531098994744,19
MDG1034,2024,2019,TRUE,2015,2099,-7.447549732107865,52.663013119387735,19
MDG1034,2024,2020,FALSE,2015,2099,0,0,19
MDG1034,2024,2020,TRUE,2015,2099,-61.19520649157073,1256.8417424541265,19
MDG1034,2024,2021,FALSE,2015,2099,0,0,19
MDG1034,2024,2021,TRUE,2015,2099,0,0,19
MDG1034,2024,2022,FALSE,2015,2099,0,0,19
MDG1034,2024,2022,TRUE,2015,2099,-59.28284815738076,1350.4443309383907,19
MDG1034,2024,2023,FALSE,2015,2099,-87.01861411646793,2064.153811754582,19
MDG1034,2024,2023,TRUE,2015,2099,-52.007224183333555,398.31777703484596,19
MDG1035,2024,2015,FALSE,2015,2099,-177.30780029296875,6968.4009124510785,6
MDG1035,2024,2015,TRUE,2015,2099,0,0,6
MDG1035,2024,2016,FALSE,2015,2099,-332.9608612060547,5626.72140280902,6
MDG1035,2024,2016,TRUE,2015,2099,0,0,6
MDG1035,2024,2017,FALSE,2015,2099,-518.8704038858414,11456.56937269985,6
MDG1035,2024,2017,TRUE,2015,2099,0,0,6
MDG1035,2024,2018,FALSE,2015,2099,0,0,6
MDG1035,2024,2018,TRUE,2015,2099,-1110.0584177970886,17403.306525041306,6
MDG1035,2024,2019,FALSE,2015,2099,0,0,6
MDG1035,2024,2019,TRUE,2015,2099,0,0,6
MDG1035,2024,2020,FALSE,2015,2099,0,0,6
MDG1035,2024,2020,TRUE,2015,2099,0,0,6
MDG1035,2024,2021,FALSE,2015,2099,0,0,6
MDG1035,2024,2021,TRUE,2015,2099,0,0,6
MDG1035,2024,2022,FALSE,2015,2099,0,0,6
MDG1035,2024,2022,TRUE,2015,2099,-418.10322618484497,7892.739160480257,6
MDG1035,2024,2023,FALSE,2015,2099,0,0,6
MDG1035,2024,2023,TRUE,2015,2099,-515.1332702636719,7469.714314478437,6
MDG1047,2024,2015,FALSE,2015,2099,0,0,1
MDG1047,2024,2015,TRUE,2015,2099,0,0,1
MDG1047,2024,2016,FALSE,2015,2099,0,0,1
MDG1047,2024,2016,TRUE,2015,2099,0,0,1
MDG1047,2024,2017,FALSE,2015,2099,0,0,1
MDG1047,2024,2017,TRUE,2015,2099,0,0,1
MDG1047,2024,2018,FALSE,2015,2099,-4122.323616027832,17803.17,1
MDG1047,2024,2018,TRUE,2015,2099,-5281.168510437012,63351.53999999999,1
MDG1047,2024,2019,FALSE,2015,2099,0,0,1
MDG1047,2024,2019,TRUE,2015,2099,0,0,1
MDG1047,2024,2020,FALSE,2015,2099,0,0,1
MDG1047,2024,2020,TRUE,2015,2099,0,0,1
MDG1047,2024,2021,FALSE,2015,2099,0,0,1
MDG1047,2024,2021,TRUE,2015,2099,0,0,1
MDG1047,2024,2022,FALSE,2015,2099,0,0,1
MDG1047,2024,2022,TRUE,2015,2099,0,0,1
MDG1047,2024,2023,FALSE,2015,2099,0,0,1
MDG1047,2024,2023,TRUE,2015,2099,0,0,1
MDG1058,2024,2015,FALSE,2015,2099,0,0,3
MDG1058,2024,2015,TRUE,2015,2099,0,0,3
MDG1058,2024,2016,FALSE,2015,2099,0,0,3
MDG1058,2024,2016,TRUE,2015,2099,0,0,3
MDG1058,2024,2017,FALSE,2015,2099,-404.2990036010742,8888.96144999094,3
MDG1058,2024,2017,TRUE,2015,2099,0,0,3
MDG1058,2024,2018,FALSE,2015,2099,-336.24117279052734,27314.23663000018,3
MDG1058,2024,2018,TRUE,2015,2099,0,0,3
MDG1058,2024,2019,FALSE,2015,2099,0,0,3
MDG1058,2024,2019,TRUE,2015,2099,0,0,3
MDG1058,2024,2020,FALSE,2015,2099,0,0,3
MDG1058,2024,2020,TRUE,2015,2099,-1823.0943431854248,33108.6351784857,3
MDG1058,2024,2021,FALSE,2015,2099,0,0,3
MDG1058,2024,2021,TRUE,2015,2099,0,0,3
MDG1058,2024,2022,FALSE,2015,2099,0,0,3
MDG1058,2024,2022,TRUE,2015,2099,-804.1108474731445,11849.122936625867,3
MDG1058,2024,2023,FALSE,2015,2099,0,0,3
MDG1058,2024,2023,TRUE,2015,2099,-4896.356025695801,69291.8737309762,3
MDG1059,2024,2013,FALSE,2013,2099,-452.00897438581603,2346.2901897256597,43
MDG1059,2024,2013,TRUE,2013,2099,-1175.3998185313026,3766.562955955939,43
MDG1059,2024,2014,FALSE,2013,2099,-538.5670546598212,3349.5125655832544,43
MDG1059,2024,2014,TRUE,2013,2099,-323.65029856216074,869.9184822923888,43
MDG1059,2024,2015,FALSE,2013,2099,-245.64413824746777,433.26804147867904,43
MDG1059,2024,2015,TRUE,2013,2099,-421.21329595876296,1188.0529383125306,43
MDG1059,2024,2016,FALSE,2013,2099,-646.1529456737429,3013.533509681475,43
MDG1059,2024,2016,TRUE,2013,2099,-551.6065310322962,119.61315561987765,43
MDG1059,2024,2017,FALSE,2013,2099,-215.69501788117165,1044.521024967598,43
MDG1059,2024,2017,TRUE,2013,2099,-832.3368262135706,866.8071659844471,43
MDG1059,2024,2018,FALSE,2013,2099,-1084.08163647319,6132.572643725925,43
MDG1059,2024,2018,TRUE,2013,2099,-178.30028888791108,433.005998867645,43
MDG1059,2024,2019,FALSE,2013,2099,-55.962022737015126,569.7902225122687,43
MDG1059,2024,2019,TRUE,2013,2099,-265.47755474268007,178.07229642674864,43
MDG1059,2024,2020,FALSE,2013,2099,-216.12196434375852,3276.6891210360136,43
MDG1059,2024,2020,TRUE,2013,2099,-383.4825278437415,3051.157384448004,43
MDG1059,2024,2021,FALSE,2013,2099,0,0,43
MDG1059,2024,2021,TRUE,2013,2099,-22.205488293669944,0,43
MDG1059,2024,2022,FALSE,2013,2099,-34.34992956560711,165.04916036173222,43
MDG1059,2024,2022,TRUE,2013,2099,0,0,43
MDG1059,2024,2023,FALSE,2013,2099,-228.6789578060771,816.7255185713288,43
MDG1059,2024,2023,TRUE,2013,2099,-139.08143719961478,577.7770639528852,43
MDG1060,2024,2013,FALSE,2013,2099,-233.23842169314014,1846.6740605413777,49
MDG1060,2024,2013,TRUE,2013,2099,-1157.9935266339048,18744.183769711988,49
MDG1060,2024,2014,FALSE,2013,2099,-357.52751474964373,6194.974694897963,49
MDG1060,2024,2014,TRUE,2013,2099,-30.478244703643174,129.69051992628448,49
MDG1060,2024,2015,FALSE,2013,2099,-421.0545325571177,3235.3066598487458,49
MDG1060,2024,2015,TRUE,2013,2099,-199.69388607083533,3285.3069050987842,49
MDG1060,2024,2016,FALSE,2013,2099,-1079.1284283229281,14884.913801847304,49
MDG1060,2024,2016,TRUE,2013,2099,-173.41005000289604,2858.21393482176,49
MDG1060,2024,2017,FALSE,2013,2099,-1540.2744676045008,20024.54569654257,49
MDG1060,2024,2017,TRUE,2013,2099,0,0,49
MDG1060,2024,2018,FALSE,2013,2099,-1018.9796539569387,12906.659376100954,49
MDG1060,2024,2018,TRUE,2013,2099,0,0,49
MDG1060,2024,2019,FALSE,2013,2099,-25.910385516225073,430.580801643352,49
MDG1060,2024,2019,TRUE,2013,2099,-583.3051450252533,10444.242036859181,49
MDG1060,2024,2020,FALSE,2013,2099,-16.029723089568467,17.17611266583263,49
MDG1060,2024,2020,TRUE,2013,2099,-743.4275628498622,9989.792437480213,49
MDG1060,2024,2021,FALSE,2013,2099,-152.40060558854316,1435.3048009865822,49
MDG1060,2024,2021,TRUE,2013,2099,-585.0826665917222,9012.505824075324,49
MDG1060,2024,2022,FALSE,2013,2099,-163.0124630903711,125.45277236832081,49
MDG1060,2024,2022,TRUE,2013,2099,-408.4216426440647,5611.517585280123,49
MDG1060,2024,2023,FALSE,2013,2099,-25.643269772432287,0,49
MDG1060,2024,2023,TRUE,2013,2099,-2261.829336088531,46955.86914917287,49
MDG1068,2024,2013,FALSE,2013,2099,0,0,3
MDG1068,2024,2013,TRUE,2013,2099,-170.7890625,0,3
MDG1068,2024,2014,FALSE,2013,2099,-408.5728759765625,3023.5538399904954,3
MDG1068,2024,2014,TRUE,2013,2099,-387.1644287109375,0,3
MDG1068,2024,2015,FALSE,2013,2099,-740.6539077758789,0,3
MDG1068,2024,2015,TRUE,2013,2099,-30.953872680664063,0,3
MDG1068,2024,2016,FALSE,2013,2099,-714.2927837371826,0,3
MDG1068,2024,2016,TRUE,2013,2099,0,0,3
MDG1068,2024,2017,FALSE,2013,2099,-165.37497329711914,0,3
MDG1068,2024,2017,TRUE,2013,2099,-3244.6570329666138,0,3
MDG1068,2024,2018,FALSE,2013,2099,-29.42529296875,0,3
MDG1068,2024,2018,TRUE,2013,2099,-36.68607997894287,0,3
MDG1068,2024,2019,FALSE,2013,2099,0,0,3
MDG1068,2024,2019,TRUE,2013,2099,0,0,3
MDG1068,2024,2020,FALSE,2013,2099,0,0,3
MDG1068,2024,2020,TRUE,2013,2099,0,0,3
MDG1068,2024,2021,FALSE,2013,2099,0,0,3
MDG1068,2024,2021,TRUE,2013,2099,-152.81484603881836,0,3
MDG1068,2024,2022,FALSE,2013,2099,-108.85442066192627,0,3
MDG1068,2024,2022,TRUE,2013,2099,0,0,3
MDG1068,2024,2023,FALSE,2013,2099,-1037.8190469741821,6995.546160009505,3
MDG1068,2024,2023,TRUE,2013,2099,0,0,3
MDG1073,2024,2019,FALSE,2019,2099,-1958.4270744747434,31570.88233225775,709
MDG1073,2024,2019,TRUE,2019,2099,-3413.7024512195117,41345.39501165593,709
MDG1073,2024,2020,FALSE,2019,2099,-671.7431435087335,13934.562479183218,709
MDG1073,2024,2020,TRUE,2019,2099,-1469.9603566138128,14252.692701819968,709
MDG1073,2024,2021,FALSE,2019,2099,-907.8395405133452,14305.311428972745,709
MDG1073,2024,2021,TRUE,2019,2099,-1810.987908246655,34573.58066169698,709
MDG1073,2024,2022,FALSE,2019,2099,-775.0828376867203,18388.19359965655,709
MDG1073,2024,2022,TRUE,2019,2099,-2558.725476091268,9291.525707603123,709
MDG1073,2024,2023,FALSE,2019,2099,-689.4317125621736,12098.742325807387,709
MDG1073,2024,2023,TRUE,2019,2099,-3694.331724394864,25740.368011745857,709
MDG1074,2024,2019,FALSE,2019,2099,-184.8778370113273,2720.515663086099,191
MDG1074,2024,2019,TRUE,2019,2099,0,0,191
MDG1074,2024,2020,FALSE,2019,2099,-147.61675523900237,982.2534031413612,191
MDG1074,2024,2020,TRUE,2019,2099,0,0,191
MDG1074,2024,2021,FALSE,2019,2099,-282.3320514806278,3620.364911605615,191
MDG1074,2024,2021,TRUE,2019,2099,0,0,191
MDG1074,2024,2022,FALSE,2019,2099,-184.78532964084786,3300.078278861139,191
MDG1074,2024,2022,TRUE,2019,2099,0,0,191
MDG1074,2024,2023,FALSE,2019,2099,-486.3904723241067,5893.455285975286,191
MDG1074,2024,2023,TRUE,2019,2099,0,0,191
MDG1075,2024,2019,FALSE,2019,2099,0,0,8
MDG1075,2024,2019,TRUE,2019,2099,0,0,8
MDG1075,2024,2020,FALSE,2019,2099,0,0,8
MDG1075,2024,2020,TRUE,2019,2099,0,0,8
MDG1075,2024,2021,FALSE,2019,2099,0,0,8
MDG1075,2024,2021,TRUE,2019,2099,0,0,8
MDG1075,2024,2022,FALSE,2019,2099,0,0,8
MDG1075,2024,2022,TRUE,2019,2099,0,0,8
MDG1075,2024,2023,FALSE,2019,2099,-17351.442316691082,83517.98611111112,8
MDG1075,2024,2023,TRUE,2019,2099,0,0,8
MDG1076,2024,2019,FALSE,2019,2099,-4611.9576139390465,116543.59363474057,1000
MDG1076,2024,2019,TRUE,2019,2099,-1313.438867497444,21066.065187674267,1000
MDG1076,2024,2020,FALSE,2019,2099,-429.9669212508202,5429.186867837935,1000
MDG1076,2024,2020,TRUE,2019,2099,-1260.3478765439988,10626.598615723256,1000
MDG1076,2024,2021,FALSE,2019,2099,-1066.0212088143826,39643.06697725331,1000
MDG1076,2024,2021,TRUE,2019,2099,-2826.961014300585,27941.317647848235,1000
MDG1076,2024,2022,FALSE,2019,2099,-1692.464064002037,54058.090066594144,1000
MDG1076,2024,2022,TRUE,2019,2099,-3567.0719318389893,45339.41773198068,1000
MDG1076,2024,2023,FALSE,2019,2099,-1848.4044774878025,39125.81797266127,1000
MDG1076,2024,2023,TRUE,2019,2099,-4053.1363165283205,38173.1489844393,1000
MDG1106,2024,2010,FALSE,2010,2099,-6.462892385629507,77.12694029364731,24
MDG1106,2024,2010,TRUE,2010,2099,0,0,24
MDG1106,2024,2011,FALSE,2010,2099,-287.0245830829327,897.9879171520703,24
MDG1106,2024,2011,TRUE,2010,2099,-169.25816554289597,2183.791153846154,24
MDG1106,2024,2012,FALSE,2010,2099,-292.4857639899621,5648.984291585365,24
MDG1106,2024,2012,TRUE,2010,2099,-174.38720248295712,1680.7188461538462,24
MDG1106,2024,2013,FALSE,2010,2099,-1655.2003824894246,19536.2532083604,24
MDG1106,2024,2013,TRUE,2010,2099,-963.0880215993294,20318.347105874032,24
MDG1106,2024,2014,FALSE,2010,2099,-746.1486090880175,12019.382673044423,24
MDG1106,2024,2014,TRUE,2010,2099,0,0,24
MDG1106,2024,2015,FALSE,2010,2099,-66.5092438184298,1716.8607924287207,24
MDG1106,2024,2015,TRUE,2010,2099,0,0,24
MDG1106,2024,2016,FALSE,2010,2099,-34.046395155099724,406.3032663486833,24
MDG1106,2024,2016,TRUE,2010,2099,0,0,24
MDG1106,2024,2017,FALSE,2010,2099,0,0,24
MDG1106,2024,2017,TRUE,2010,2099,0,0,24
MDG1106,2024,2018,FALSE,2010,2099,0,0,24
MDG1106,2024,2018,TRUE,2010,2099,0,0,24
MDG1106,2024,2019,FALSE,2010,2099,0,0,24
MDG1106,2024,2019,TRUE,2010,2099,0,0,24
MDG1106,2024,2020,FALSE,2010,2099,0,0,24
MDG1106,2024,2020,TRUE,2010,2099,0,0,24
MDG1106,2024,2021,FALSE,2010,2099,0,0,24
MDG1106,2024,2021,TRUE,2010,2099,0,0,24
MDG1106,2024,2022,FALSE,2010,2099,0,0,24
MDG1106,2024,2022,TRUE,2010,2099,0,0,24
MDG1106,2024,2023,FALSE,2010,2099,0,0,24
MDG1106,2024,2023,TRUE,2010,2099,0,0,24
MDG1180,2024,2021,FALSE,2021,2099,0,0,21
MDG1180,2024,2021,TRUE,2021,2099,0,0,21
MDG1180,2024,2022,FALSE,2021,2099,-137.33933997154236,582.3066666666667,21
MDG1180,2024,2022,TRUE,2021,2099,0,0,21
MDG1180,2024,2023,FALSE,2021,2099,-96.94013818105063,817.7983333333334,21
MDG1180,2024,2023,TRUE,2021,2099,-424.4648560285568,5308.313311779385,21
MDG1181,2024,2021,FALSE,2021,2099,0,0,4
MDG1181,2024,2021,TRUE,2021,2099,-180.2907485961914,1425.795,4
MDG1181,2024,2022,FALSE,2021,2099,0,0,4
MDG1181,2024,2022,TRUE,2021,2099,0,0,4
MDG1181,2024,2023,FALSE,2021,2099,-58.45665168762207,4354.455,4
MDG1181,2024,2023,TRUE,2021,2099,-302.8280391693115,3388.219935338154,4
MDG1183,2024,2021,FALSE,2021,2099,-37.30025037338859,1595.1944736842108,38
MDG1183,2024,2021,TRUE,2021,2099,-103.68640322434275,9153.192829863436,38
MDG1183,2024,2022,FALSE,2021,2099,-485.7598909327859,2681.0798684210527,38
MDG1183,2024,2022,TRUE,2021,2099,-603.0311787630383,12868.43785195584,38
MDG1183,2024,2023,FALSE,2021,2099,-901.8192840877333,10916.51157894737,38
MDG1183,2024,2023,TRUE,2021,2099,-2800.142490455979,33099.065107654416,38
MDG1206,2024,2021,FALSE,2021,2099,0,0,1
MDG1206,2024,2021,TRUE,2021,2099,0,0,1
MDG1206,2024,2022,FALSE,2021,2099,0,0,1
MDG1206,2024,2022,TRUE,2021,2099,-362.1112766265869,41450.57153257635,1
MDG1206,2024,2023,FALSE,2021,2099,0,0,1
MDG1206,2024,2023,TRUE,2021,2099,0,0,1
MDG1214,2024,2021,FALSE,2021,2099,-38.24965722220284,825.6761331263357,14
MDG1214,2024,2021,TRUE,2021,2099,0,0,14
MDG1214,2024,2022,FALSE,2021,2099,-58.80334536518369,0,14
MDG1214,2024,2022,TRUE,2021,2099,0,0,14
MDG1214,2024,2023,FALSE,2021,2099,0,0,14
MDG1214,2024,2023,TRUE,2021,2099,-300.99999780314306,16939.93524913434,14
MDG1222,2024,2021,FALSE,2021,2099,0,0,1
MDG1222,2024,2021,TRUE,2021,2099,0,0,1
MDG1222,2024,2022,FALSE,2021,2099,0,0,1
MDG1222,2024,2022,TRUE,2021,2099,0,0,1
MDG1222,2024,2023,FALSE,2021,2099,0,0,1
MDG1222,2024,2023,TRUE,2021,2099,0,0,1
MDG1223,2024,2021,FALSE,2021,2099,0,0,3
MDG1223,2024,2021,TRUE,2021,2099,0,0,3
MDG1223,2024,2022,FALSE,2021,2099,0,0,3
MDG1223,2024,2022,TRUE,2021,2099,-191.8919219970703,1692.5178497931217,3
MDG1223,2024,2023,FALSE,2021,2099,-605.6098480224609,5295.8099999999995,3
MDG1223,2024,2023,TRUE,2021,2099,-1567.0342712402344,14492.182150206878,3
MDG1228,2024,2021,FALSE,2021,2099,0,0,1
MDG1228,2024,2021,TRUE,2021,2099,0,0,1
MDG1228,2024,2022,FALSE,2021,2099,0,0,1
MDG1228,2024,2022,TRUE,2021,2099,-3035.0388259887695,75.235,1
MDG1228,2024,2023,FALSE,2021,2099,-2768.4027557373047,29341.649999999998,1
MDG1228,2024,2023,TRUE,2021,2099,0,0,1
MDG1231,2024,2021,FALSE,2021,2099,-2.7296189467112226,367,9
MDG1231,2024,2021,TRUE,2021,2099,0,0,9
MDG1231,2024,2022,FALSE,2021,2099,0,0,9
MDG1231,2024,2022,TRUE,2021,2099,0,0,9
MDG1231,2024,2023,FALSE,2021,2099,-225.07339477539063,2385.5,9
MDG1231,2024,2023,TRUE,2021,2099,-326.6666595141093,4079.8166666666666,9
MDG1232,2024,2021,FALSE,2021,2099,0,0,3
MDG1232,2024,2021,TRUE,2021,2099,0,0,3
MDG1232,2024,2022,FALSE,2021,2099,0,0,3
MDG1232,2024,2022,TRUE,2021,2099,0,0,3
MDG1232,2024,2023,FALSE,2021,2099,0,0,3
MDG1232,2024,2023,TRUE,2021,2099,0,0,3
MDG1233,2024,2021,FALSE,2021,2099,0,0,9
MDG1233,2024,2021,TRUE,2021,2099,0,0,9
MDG1233,2024,2022,FALSE,2021,2099,-334.1295471191406,10495.379744167152,9
MDG1233,2024,2022,TRUE,2021,2099,0,0,9
MDG1233,2024,2023,FALSE,2021,2099,-163.35223897298175,4682.0834393643045,9
MDG1233,2024,2023,TRUE,2021,2099,-923.9963823954264,24665.80136549413,9
MDG1235,2024,2021,FALSE,2021,2099,-160.3102896478441,8445.38361111111,18
MDG1235,2024,2021,TRUE,2021,2099,0,0,18
MDG1235,2024,2022,FALSE,2021,2099,0,0,18
MDG1235,2024,2022,TRUE,2021,2099,-201.44444052378336,11727.262574872175,18
MDG1235,2024,2023,FALSE,2021,2099,-192.24960716565448,13699.702222222222,18
MDG1235,2024,2023,TRUE,2021,2099,0,0,18
MDG1236,2024,2021,FALSE,2021,2099,0,0,18
MDG1236,2024,2021,TRUE,2021,2099,0,0,18
MDG1236,2024,2022,FALSE,2021,2099,-80.36708043018977,1153.050160689753,18
MDG1236,2024,2022,TRUE,2021,2099,-91.54237653811774,2500.493333333334,18
MDG1236,2024,2023,FALSE,2021,2099,-2.70687214533488,682.9258333333333,18
MDG1236,2024,2023,TRUE,2021,2099,-2.261034309864044,1886.0741666666668,18
MDG1238,2024,2021,FALSE,2021,2099,0,0,6
MDG1238,2024,2021,TRUE,2021,2099,0,0,6
MDG1238,2024,2022,FALSE,2021,2099,0,0,6
MDG1238,2024,2022,TRUE,2021,2099,-60.10917091369629,7762.049999999999,6
MDG1238,2024,2023,FALSE,2021,2099,0,0,6
MDG1238,2024,2023,TRUE,2021,2099,-65.76223826408386,12628.47,6
MDG1262,2024,2021,FALSE,2021,2099,-8650.024282455444,236087.28485737738,66
MDG1262,2024,2021,TRUE,2021,2099,0,0,66
MDG1262,2024,2022,FALSE,2021,2099,-2116.9066004753113,121831.6109144845,66
MDG1262,2024,2022,TRUE,2021,2099,0,0,66
MDG1262,2024,2023,FALSE,2021,2099,-51.31683433055878,0,66
MDG1262,2024,2023,TRUE,2021,2099,-1165.8410373926163,30271.995000000003,66
MDG1734,2024,2023,FALSE,2023,2099,0,0,3
MDG1734,2024,2023,TRUE,2023,2099,0,0,3
MEX1023,2024,2019,FALSE,2019,2024,0,0,15
MEX1023,2024,2019,TRUE,2019,2024,0,0,15
MEX1023,2024,2020,FALSE,2019,2024,-650.7173263549805,12258.534,15
MEX1023,2024,2020,TRUE,2019,2024,-687.5070479393006,17007.147,15
MEX1023,2024,2021,FALSE,2019,2024,-745.9442516326905,12316.003303273255,15
MEX1023,2024,2021,TRUE,2019,2024,0,0,15
MEX1023,2024,2022,FALSE,2019,2024,-91.26544876098633,1616.0506967267465,15
MEX1023,2024,2022,TRUE,2019,2024,-607.3304077148438,26859.996,15
MEX1023,2024,2023,FALSE,2019,2024,-11.824699401855469,240.03221307918704,15
MEX1023,2024,2023,TRUE,2019,2024,0,0,15
MEX1024,2024,2019,FALSE,2019,2024,-518.1174258275465,23504.190422357904,55
MEX1024,2024,2019,TRUE,2019,2024,-152.56052148992364,6753.433909090909,55
MEX1024,2024,2020,FALSE,2019,2024,-516.2829647671092,25384.35278791272,55
MEX1024,2024,2020,TRUE,2019,2024,-335.4583936604586,13938.459818181816,55
MEX1024,2024,2021,FALSE,2019,2024,-186.67155709700148,7351.353822986288,55
MEX1024,2024,2021,TRUE,2019,2024,0,0,55
MEX1024,2024,2022,FALSE,2019,2024,-352.59216814041133,13111.568041507726,55
MEX1024,2024,2022,TRUE,2019,2024,-27.850277189774943,2631.523744549406,55
MEX1024,2024,2023,FALSE,2019,2024,0,0,55
MEX1024,2024,2023,TRUE,2019,2024,0,0,55
MEX1039,2024,2019,FALSE,2019,2024,-39.28417066427378,1007.4001107733122,65
MEX1039,2024,2019,TRUE,2019,2024,-75.32307982811561,2241.4057581585353,65
MEX1039,2024,2020,FALSE,2019,2024,-147.18410990788388,6719.470617319033,65
MEX1039,2024,2020,TRUE,2019,2024,-69.29896686260517,3565.2645154148886,65
MEX1039,2024,2021,FALSE,2019,2024,-135.09373028094953,1166.9080847774253,65
MEX1039,2024,2021,TRUE,2019,2024,-10.259763952401968,2353.7324903855388,65
MEX1039,2024,2022,FALSE,2019,2024,-74.02254920372597,1689.5703293012136,65
MEX1039,2024,2022,TRUE,2019,2024,0,0,65
MEX1039,2024,2023,FALSE,2019,2024,-55.75470305222731,3567.293224040432,65
MEX1039,2024,2023,TRUE,2019,2024,-78.80756558638353,2080.66404227995,65
MEX1040,2024,2018,FALSE,2018,2024,-36.19736862182617,218.365,26
MEX1040,2024,2018,TRUE,2018,2024,0,0,26
MEX1040,2024,2019,FALSE,2018,2024,-3.939333200454712,179.06464750654288,26
MEX1040,2024,2019,TRUE,2018,2024,0,0,26
MEX1040,2024,2020,FALSE,2018,2024,-56.65537691116333,1725.2286946175295,26
MEX1040,2024,2020,TRUE,2018,2024,-293.2831622362137,6151.646714535142,26
MEX1040,2024,2021,FALSE,2018,2024,-30.062140703201294,1233.885352493457,26
MEX1040,2024,2021,TRUE,2018,2024,0,0,26
MEX1040,2024,2022,FALSE,2018,2024,0,0,26
MEX1040,2024,2022,TRUE,2018,2024,-108,2730.323213886831,26
MEX1040,2024,2023,FALSE,2018,2024,0,0,26
MEX1040,2024,2023,TRUE,2018,2024,0,0,26
MEX1041,2024,2018,FALSE,2018,2024,0,0,11
MEX1041,2024,2018,TRUE,2018,2024,-33.41295447716346,325.50164102191104,11
MEX1041,2024,2019,FALSE,2018,2024,0,0,11
MEX1041,2024,2019,TRUE,2018,2024,-7.633420504056491,74.363100766168,11
MEX1041,2024,2020,FALSE,2018,2024,0,0,11
MEX1041,2024,2020,TRUE,2018,2024,-10.663695555466873,1562.8553846153845,11
MEX1041,2024,2021,FALSE,2018,2024,-141.85937910813553,2397.920937167859,11
MEX1041,2024,2021,TRUE,2018,2024,0,0,11
MEX1041,2024,2022,FALSE,2018,2024,0,0,11
MEX1041,2024,2022,TRUE,2018,2024,0,0,11
MEX1041,2024,2023,FALSE,2018,2024,-9.017525306114784,36.744717049663976,11
MEX1041,2024,2023,TRUE,2018,2024,0,0,11
MEX1042,2024,2018,FALSE,2018,2024,-10.166023254394531,194.29576324311734,12
MEX1042,2024,2018,TRUE,2018,2024,-41.826266288757324,2559.218390103145,12
MEX1042,2024,2019,FALSE,2018,2024,0,0,12
MEX1042,2024,2019,TRUE,2018,2024,-104.83044052124023,2092.697828874671,12
MEX1042,2024,2020,FALSE,2018,2024,-35.14972400665283,1445.533909101541,12
MEX1042,2024,2020,TRUE,2018,2024,0,0,12
MEX1042,2024,2021,FALSE,2018,2024,-6.734988689422607,932.18,12
MEX1042,2024,2021,TRUE,2018,2024,-84.60789477825165,5259.30141757644,12
MEX1042,2024,2022,FALSE,2018,2024,-7.326739311218262,1293.675,12
MEX1042,2024,2022,TRUE,2018,2024,0,0,12
MEX1042,2024,2023,FALSE,2018,2024,0,0,12
MEX1042,2024,2023,TRUE,2018,2024,0,0,12
MEX1045,2024,2018,FALSE,2018,2024,0,0,2
MEX1045,2024,2018,TRUE,2018,2024,0,0,2
MEX1045,2024,2019,FALSE,2018,2024,0,0,2
MEX1045,2024,2019,TRUE,2018,2024,0,0,2
MEX1045,2024,2020,FALSE,2018,2024,0,0,2
MEX1045,2024,2020,TRUE,2018,2024,0,0,2
MEX1045,2024,2021,FALSE,2018,2024,0,0,2
MEX1045,2024,2021,TRUE,2018,2024,0,0,2
MEX1045,2024,2022,FALSE,2018,2024,-156.62323379516602,1266.15,2
MEX1045,2024,2022,TRUE,2018,2024,0,0,2
MEX1045,2024,2023,FALSE,2018,2024,0,0,2
MEX1045,2024,2023,TRUE,2018,2024,0,0,2
MEX1047,2024,2018,FALSE,2018,2024,-409.1540655549367,11320.742993962285,300
MEX1047,2024,2018,TRUE,2018,2024,-1024.889906086127,28797.15255906323,300
MEX1047,2024,2019,FALSE,2018,2024,-310.5887189980348,7315.360138560192,300
MEX1047,2024,2019,TRUE,2018,2024,-1447.729737644593,48365.09369218233,300
MEX1047,2024,2020,FALSE,2018,2024,-855.8781262330214,23893.888396188006,300
MEX1047,2024,2020,TRUE,2018,2024,-165.87672089219092,6525.484124994895,300
MEX1047,2024,2021,FALSE,2018,2024,-810.3361380334695,20359.041865895928,300
MEX1047,2024,2021,TRUE,2018,2024,-368.42648251573246,10302.691445371045,300
MEX1047,2024,2022,FALSE,2018,2024,-485.5651857980092,16970.507029748525,300
MEX1047,2024,2022,TRUE,2018,2024,-474.5414439658324,14969.43343097789,300
MEX1047,2024,2023,FALSE,2018,2024,-188.7972701994578,5600.179797769648,300
MEX1047,2024,2023,TRUE,2018,2024,-146.91217251380283,5434.647250233699,300
MEX1048,2024,2022,FALSE,2022,2024,0,0,11
MEX1048,2024,2022,TRUE,2022,2024,0,0,11
MEX1048,2024,2023,FALSE,2022,2024,0,0,11
MEX1048,2024,2023,TRUE,2022,2024,0,0,11
MEX1049,2024,2018,FALSE,2018,2024,-125.19399964809418,3392.0444692419055,20
MEX1049,2024,2018,TRUE,2018,2024,0,0,20
MEX1049,2024,2019,FALSE,2018,2024,-66.03400039672852,1030.498940536821,20
MEX1049,2024,2019,TRUE,2018,2024,-11.847039818763733,985.395,20
MEX1049,2024,2020,FALSE,2018,2024,-20.36108124256134,968.6668035791888,20
MEX1049,2024,2020,TRUE,2018,2024,0,0,20
MEX1049,2024,2021,FALSE,2018,2024,-66.41673564910889,1622.32687393178,20
MEX1049,2024,2021,TRUE,2018,2024,-70.7933521270752,2501.105,20
MEX1049,2024,2022,FALSE,2018,2024,0,0,20
MEX1049,2024,2022,TRUE,2018,2024,0,0,20
MEX1049,2024,2023,FALSE,2018,2024,-207.6825156211853,7717.688653543037,20
MEX1049,2024,2023,TRUE,2018,2024,-10.786110758781433,2150.62,20
MEX1050,2024,2018,FALSE,2018,2024,-69.38251686096191,1531.219347602651,11
MEX1050,2024,2018,TRUE,2018,2024,0,0,11
MEX1050,2024,2019,FALSE,2018,2024,-26.15802764892578,1483.5161590129146,11
MEX1050,2024,2019,TRUE,2018,2024,-43.15840148925781,515.635,11
MEX1050,2024,2020,FALSE,2018,2024,-10.01819372177124,623.8219252184434,11
MEX1050,2024,2020,TRUE,2018,2024,-46.638919830322266,884.47,11
MEX1050,2024,2021,FALSE,2018,2024,-7.10108757019043,121.45423201522331,11
MEX1050,2024,2021,TRUE,2018,2024,0,0,11
MEX1050,2024,2022,FALSE,2018,2024,0,0,11
MEX1050,2024,2022,TRUE,2018,2024,0,0,11
MEX1050,2024,2023,FALSE,2018,2024,-84.88466119766235,2004.1884262101744,11
MEX1050,2024,2023,TRUE,2018,2024,-6.329229235649109,1410.627617859531,11
MEX1051,2024,2018,FALSE,2018,2024,0,0,6
MEX1051,2024,2018,TRUE,2018,2024,-23.41300443808238,2414.86,6
MEX1051,2024,2019,FALSE,2018,2024,0,0,6
MEX1051,2024,2019,TRUE,2018,2024,0,0,6
MEX1051,2024,2020,FALSE,2018,2024,0,0,6
MEX1051,2024,2020,TRUE,2018,2024,0,0,6
MEX1051,2024,2021,FALSE,2018,2024,0,0,6
MEX1051,2024,2021,TRUE,2018,2024,-95.83021847407024,2013.1868217243991,6
MEX1051,2024,2022,FALSE,2018,2024,0,0,6
MEX1051,2024,2022,TRUE,2018,2024,0,0,6
MEX1051,2024,2023,FALSE,2018,2024,0,0,6
MEX1051,2024,2023,TRUE,2018,2024,0,0,6
MEX1052,2024,2018,FALSE,2018,2024,-44.512366771698,884.4699999999999,11
MEX1052,2024,2018,TRUE,2018,2024,-8.490429997444153,1469.835,11
MEX1052,2024,2019,FALSE,2018,2024,0,0,11
MEX1052,2024,2019,TRUE,2018,2024,-48.99999940395355,2581.98157977297,11
MEX1052,2024,2020,FALSE,2018,2024,-11.817998886108398,939.7693882350818,11
MEX1052,2024,2020,TRUE,2018,2024,0,0,11
MEX1052,2024,2021,FALSE,2018,2024,0,0,11
MEX1052,2024,2021,TRUE,2018,2024,0,0,11
MEX1052,2024,2022,FALSE,2018,2024,0,0,11
MEX1052,2024,2022,TRUE,2018,2024,0,0,11
MEX1052,2024,2023,FALSE,2018,2024,-8.373416900634766,665.8556117649182,11
MEX1052,2024,2023,TRUE,2018,2024,-6.353763103485107,181.52842022703027,11
MEX1053,2024,2018,FALSE,2018,2024,-17.998468572443183,405.3116423018342,11
MEX1053,2024,2018,TRUE,2018,2024,-2.357400720769709,141.87934848968757,11
MEX1053,2024,2019,FALSE,2018,2024,-4.1961728876287285,143.4056544599748,11
MEX1053,2024,2019,TRUE,2018,2024,-84.66664348949085,3743.609113487869,11
MEX1053,2024,2020,FALSE,2018,2024,-37.203528837724164,1714.0874288621876,11
MEX1053,2024,2020,TRUE,2018,2024,-159.6118529926647,7654.904858021344,11
MEX1053,2024,2021,FALSE,2018,2024,0,0,11
MEX1053,2024,2021,TRUE,2018,2024,-8.12126350402832,680.8843638518001,11
MEX1053,2024,2022,FALSE,2018,2024,0,0,11
MEX1053,2024,2022,TRUE,2018,2024,0,0,11
MEX1053,2024,2023,FALSE,2018,2024,0,0,11
MEX1053,2024,2023,TRUE,2018,2024,0,0,11
MEX1061,2024,2018,FALSE,2018,2024,0,0,3
MEX1061,2024,2018,TRUE,2018,2024,0,0,3
MEX1061,2024,2019,FALSE,2018,2024,0,0,3
MEX1061,2024,2019,TRUE,2018,2024,0,0,3
MEX1061,2024,2020,FALSE,2018,2024,0,0,3
MEX1061,2024,2020,TRUE,2018,2024,0,0,3
MEX1061,2024,2021,FALSE,2018,2024,0,0,3
MEX1061,2024,2021,TRUE,2018,2024,0,0,3
MEX1061,2024,2022,FALSE,2018,2024,0,0,3
MEX1061,2024,2022,TRUE,2018,2024,0,0,3
MEX1061,2024,2023,FALSE,2018,2024,0,0,3
MEX1061,2024,2023,TRUE,2018,2024,0,0,3
MEX1062,2024,2018,FALSE,2018,2024,0,0,2
MEX1062,2024,2018,TRUE,2018,2024,0,0,2
MEX1062,2024,2019,FALSE,2018,2024,0,0,2
MEX1062,2024,2019,TRUE,2018,2024,0,0,2
MEX1062,2024,2020,FALSE,2018,2024,0,0,2
MEX1062,2024,2020,TRUE,2018,2024,-7.751590609550476,308.8211120717238,2
MEX1062,2024,2021,FALSE,2018,2024,0,0,2
MEX1062,2024,2021,TRUE,2018,2024,0,0,2
MEX1062,2024,2022,FALSE,2018,2024,0,0,2
MEX1062,2024,2022,TRUE,2018,2024,0,0,2
MEX1062,2024,2023,FALSE,2018,2024,0,0,2
MEX1062,2024,2023,TRUE,2018,2024,0,0,2
MEX1063,2024,2018,FALSE,2018,2024,-923.7870019674301,8901.335091203293,12
MEX1063,2024,2018,TRUE,2018,2024,-480.01721700032556,36993.85388159931,12
MEX1063,2024,2019,FALSE,2018,2024,-253.38305791219076,5566.147549992313,12
MEX1063,2024,2019,TRUE,2018,2024,-1595.9867425759635,37555.214571722725,12
MEX1063,2024,2020,FALSE,2018,2024,-1458.0505345265071,31710.27324213004,12
MEX1063,2024,2020,TRUE,2018,2024,0,0,12
MEX1063,2024,2021,FALSE,2018,2024,-1904.4225013256073,33056.00605571791,12
MEX1063,2024,2021,TRUE,2018,2024,-1077.2480055689812,27406.562369176016,12
MEX1063,2024,2022,FALSE,2018,2024,0,0,12
MEX1063,2024,2022,TRUE,2018,2024,0,0,12
MEX1063,2024,2023,FALSE,2018,2024,-122.11232562859854,10789.800000000001,12
MEX1063,2024,2023,TRUE,2018,2024,-103.7954733769099,2044.9304373469572,12
MEX1064,2024,2023,FALSE,2023,2024,0,0,7
MEX1064,2024,2023,TRUE,2023,2024,0,0,7
MEX1065,2024,2023,FALSE,2023,2024,0,0,37
MEX1065,2024,2023,TRUE,2023,2024,0,0,37
MEX1066,2024,2023,FALSE,2023,2024,0,0,7
MEX1066,2024,2023,TRUE,2023,2024,0,0,7
MEX1067,2024,2023,FALSE,2023,2024,-1328.8075350247898,38568.876923076925,13
MEX1067,2024,2023,TRUE,2023,2024,-157.99679660797122,16675.915384615386,13
MEX1068,2024,2023,FALSE,2023,2024,0,0,2
MEX1068,2024,2023,TRUE,2023,2024,0,0,2
MEX1071,2024,2023,FALSE,2023,2024,0,0,1
MEX1071,2024,2023,TRUE,2023,2024,0,0,1
MEX1072,2024,2023,FALSE,2023,2024,0,0,12
MEX1072,2024,2023,TRUE,2023,2024,0,0,12
MEX1073,2024,2023,FALSE,2023,2024,0,0,9
MEX1073,2024,2023,TRUE,2023,2024,0,0,9
MEX1074,2024,2022,FALSE,2022,2099,0,0,2
MEX1074,2024,2022,TRUE,2022,2099,0,0,2
MEX1074,2024,2023,FALSE,2022,2099,0,0,2
MEX1074,2024,2023,TRUE,2022,2099,0,0,2
MEX1076,2024,2022,FALSE,2022,2099,-1895.4891014099123,38546.01000000001,13
MEX1076,2024,2022,TRUE,2022,2099,-361.2358799714309,51779.041923076926,13
MEX1076,2024,2023,FALSE,2022,2099,0,0,13
MEX1076,2024,2023,TRUE,2022,2099,0,0,13
MEX1077,2024,2022,FALSE,2022,2099,-142.8625336834725,4788.4520212765965,47
MEX1077,2024,2022,TRUE,2022,2099,-243.5452838654214,7765.212446808511,47
MEX1077,2024,2023,FALSE,2022,2099,0,0,47
MEX1077,2024,2023,TRUE,2022,2099,-14.645580530166626,631.318085106383,47
PER1001,2024,2011,FALSE,2011,2099,-304.840977290242,13675.410607906271,97
PER1001,2024,2011,TRUE,2011,2099,-932.8981779334472,8794.748720543575,97
PER1001,2024,2012,FALSE,2011,2099,-160.83669146311652,7019.195110547243,97
PER1001,2024,2012,TRUE,2011,2099,-1082.2560761933476,16677.746084646962,97
PER1001,2024,2013,FALSE,2011,2099,-647.8320827877399,14373.852978607572,97
PER1001,2024,2013,TRUE,2011,2099,-195.9583924431162,7213.52703100047,97
PER1001,2024,2014,FALSE,2011,2099,-270.22549907448365,7838.570681571838,97
PER1001,2024,2014,TRUE,2011,2099,-47.19758125187196,1579.7251682874764,97
PER1001,2024,2015,FALSE,2011,2099,-587.5544408326297,11662.118824721385,97
PER1001,2024,2015,TRUE,2011,2099,-412.65976724919585,6778.467272961622,97
PER1001,2024,2016,FALSE,2011,2099,-364.36459686829875,9476.616679169661,97
PER1001,2024,2016,TRUE,2011,2099,-162.36980306979308,1636.6004706191427,97
PER1001,2024,2017,FALSE,2011,2099,-481.6271579880075,13501.580018559214,97
PER1001,2024,2017,TRUE,2011,2099,-774.581024297734,10415.363578832288,97
PER1001,2024,2018,FALSE,2011,2099,-476.0829470083886,11115.134379477196,97
PER1001,2024,2018,TRUE,2011,2099,-727.8205327741879,4786.2644992271025,97
PER1001,2024,2019,FALSE,2011,2099,-315.87426117277636,7456.259957906919,97
PER1001,2024,2019,TRUE,2011,2099,-439.51251629701596,3982.4938505565847,97
PER1001,2024,2020,FALSE,2011,2099,-549.9299229494076,11406.38523065744,97
PER1001,2024,2020,TRUE,2011,2099,-846.6511863285733,13123.662941904848,97
PER1001,2024,2021,FALSE,2011,2099,-445.62330073917036,7433.365823878826,97
PER1001,2024,2021,TRUE,2011,2099,-181.06358168297209,3098.165690801307,97
PER1001,2024,2022,FALSE,2011,2099,-277.95687725617717,10151.676069904875,97
PER1001,2024,2022,TRUE,2011,2099,-420.31602928810514,8508.881542689462,97
PER1001,2024,2023,FALSE,2011,2099,-537.0737401824637,7981.243108417943,97
PER1001,2024,2023,TRUE,2011,2099,-366.3046764098492,2446.936985644776,97
PER1004,2024,2012,FALSE,2012,2099,-7875.433938250471,219405.090460541,1161
PER1004,2024,2012,TRUE,2012,2099,-11807.467980867003,304712.50866111537,1161
PER1004,2024,2013,FALSE,2012,2099,-5330.387475409043,154545.28588007102,1161
PER1004,2024,2013,TRUE,2012,2099,-6825.841165096158,144326.4717414588,1161
PER1004,2024,2014,FALSE,2012,2099,-5099.9051364727,136195.8552459193,1161
PER1004,2024,2014,TRUE,2012,2099,-2939.4202987270864,91625.7456784784,1161
PER1004,2024,2015,FALSE,2012,2099,-4926.127376314897,150244.05132492416,1161
PER1004,2024,2015,TRUE,2012,2099,-3762.596970287096,102804.67167630933,1161
PER1004,2024,2016,FALSE,2012,2099,-2927.6139487265305,98398.39785757658,1161
PER1004,2024,2016,TRUE,2012,2099,-4457.5338012853845,108650.03416317517,1161
PER1004,2024,2017,FALSE,2012,2099,-8263.73937014749,255171.85592635052,1161
PER1004,2024,2017,TRUE,2012,2099,-7310.1712032958,167426.98905798516,1161
PER1004,2024,2018,FALSE,2012,2099,-4160.262602382236,116441.14475178138,1161
PER1004,2024,2018,TRUE,2012,2099,-4055.3337413527447,87107.12905353251,1161
PER1004,2024,2019,FALSE,2012,2099,-2734.4542511131717,76441.30453776053,1161
PER1004,2024,2019,TRUE,2012,2099,-2916.284753116834,76229.1179784945,1161
PER1004,2024,2020,FALSE,2012,2099,-6247.634069965586,177356.95368363176,1161
PER1004,2024,2020,TRUE,2012,2099,-2689.957898098061,69473.70891686433,1161
PER1004,2024,2021,FALSE,2012,2099,-2622.1592196399642,69593.99077622808,1161
PER1004,2024,2021,TRUE,2012,2099,-1823.6068360092925,42160.24547210382,1161
PER1004,2024,2022,FALSE,2012,2099,-1958.6345114703838,52533.38913650684,1161
PER1004,2024,2022,TRUE,2012,2099,-2765.290486548914,66465.86488038853,1161
PER1004,2024,2023,FALSE,2012,2099,-1339.9971082114023,27962.86320446698,1161
PER1004,2024,2023,TRUE,2012,2099,-1157.5904815527613,22341.103694528454,1161
PER1005,2024,2012,FALSE,2012,2099,-10220.583808205345,245180.50849951163,572
PER1005,2024,2012,TRUE,2012,2099,-14059.893785585058,306474.521457045,572
PER1005,2024,2013,FALSE,2012,2099,-9170.210006562147,219628.6360115796,572
PER1005,2024,2013,TRUE,2012,2099,-5585.106712471355,122337.22406545925,572
PER1005,2024,2014,FALSE,2012,2099,-9066.506526871162,233050.0602894887,572
PER1005,2024,2014,TRUE,2012,2099,-3693.5760034322743,97036.10446462914,572
PER1005,2024,2015,FALSE,2012,2099,-5339.795083717867,133137.40186370068,572
PER1005,2024,2015,TRUE,2012,2099,-7517.780795108189,204523.0321121596,572
PER1005,2024,2016,FALSE,2012,2099,-4828.198813243346,133805.74879158466,572
PER1005,2024,2016,TRUE,2012,2099,-5384.7576479640875,106890.27561431177,572
PER1005,2024,2017,FALSE,2012,2099,-9612.37479497086,267196.3276775526,572
PER1005,2024,2017,TRUE,2012,2099,-9419.771855527704,219503.27000003523,572
PER1005,2024,2018,FALSE,2012,2099,-4363.237240195274,109096.29807674586,572
PER1005,2024,2018,TRUE,2012,2099,-5558.023971210827,112061.17610969573,572
PER1005,2024,2019,FALSE,2012,2099,-5400.5864218636,127889.47905358963,572
PER1005,2024,2019,TRUE,2012,2099,-7275.924876624888,159546.3225299649,572
PER1005,2024,2020,FALSE,2012,2099,-6897.92823597518,160910.95762231108,572
PER1005,2024,2020,TRUE,2012,2099,-10135.970721439882,188457.681378238,572
PER1005,2024,2021,FALSE,2012,2099,-5437.593712676656,99024.20208618576,572
PER1005,2024,2021,TRUE,2012,2099,-8091.158782427961,175082.45625386943,572
PER1005,2024,2022,FALSE,2012,2099,-4415.918653889136,95055.90374804183,572
PER1005,2024,2022,TRUE,2012,2099,-7364.615014726466,167523.64365128672,572
PER1005,2024,2023,FALSE,2012,2099,-3953.5958513129845,75038.03878986157,572
PER1005,2024,2023,TRUE,2012,2099,-1297.2393788316033,40048.86924989544,572
PER1007,2024,2015,FALSE,2015,2099,-6498.078417460123,53953.89333333332,9
PER1007,2024,2015,TRUE,2015,2099,0,0,9
PER1007,2024,2016,FALSE,2015,2099,-44.73847368028428,719.885623156685,9
PER1007,2024,2016,TRUE,2015,2099,0,0,9
PER1007,2024,2017,FALSE,2015,2099,-237.6455350451999,18885.969353712593,9
PER1007,2024,2017,TRUE,2015,2099,-44.28655240270826,23088.377777777772,9
PER1007,2024,2018,FALSE,2015,2099,0,0,9
PER1007,2024,2018,TRUE,2015,2099,0,0,9
PER1007,2024,2019,FALSE,2015,2099,-247.54743957519528,39979.34888888889,9
PER1007,2024,2019,TRUE,2015,2099,0,0,9
PER1007,2024,2020,FALSE,2015,2099,0,0,9
PER1007,2024,2020,TRUE,2015,2099,0,0,9
PER1007,2024,2021,FALSE,2015,2099,0,0,9
PER1007,2024,2021,TRUE,2015,2099,-1129.3887903425427,27097.538807781126,9
PER1007,2024,2022,FALSE,2015,2099,-1381.0342421001856,40518.89074470389,9
PER1007,2024,2022,TRUE,2015,2099,0,0,9
PER1007,2024,2023,FALSE,2015,2099,0,0,9
PER1007,2024,2023,TRUE,2015,2099,0,0,9
PER1012,2024,2021,FALSE,2021,2099,-4175.456316275675,209399.84069918,2562
PER1012,2024,2021,TRUE,2021,2099,-5260.899017560677,208412.0531253515,2562
PER1012,2024,2022,FALSE,2021,2099,-3573.815671785281,176167.65978204948,2562
PER1012,2024,2022,TRUE,2021,2099,-4979.050444475288,227608.76216034114,2562
PER1012,2024,2023,FALSE,2021,2099,-2754.765918561018,126328.65716490355,2562
PER1012,2024,2023,TRUE,2021,2099,-2890.308569155104,129662.53442867525,2562
PER1013,2024,2021,FALSE,2021,2099,-3859.560730512012,150787.91194189523,1446
PER1013,2024,2021,TRUE,2021,2099,-4554.7368811132155,241071.6039661969,1446
PER1013,2024,2022,FALSE,2021,2099,-2162.678180496987,99769.16443540787,1446
PER1013,2024,2022,TRUE,2021,2099,-1486.8084664132498,87088.47382931891,1446
PER1013,2024,2023,FALSE,2021,2099,-1615.8365159687933,76831.82916399822,1446
PER1013,2024,2023,TRUE,2021,2099,-1413.3142526566166,73608.16531744668,1446
PER1014,2024,2021,FALSE,2021,2099,-988.3052210303927,42645.6999771846,388
PER1014,2024,2021,TRUE,2021,2099,-1769.98271139811,75498.88002478266,388
PER1014,2024,2022,FALSE,2021,2099,-451.01629221746606,27395.042192166933,388
PER1014,2024,2022,TRUE,2021,2099,-553.4298295556885,28639.649846547924,388
PER1014,2024,2023,FALSE,2021,2099,-105.5359567446807,6625.161720835692,388
PER1014,2024,2023,TRUE,2021,2099,-277.737844294494,15714.868555172605,388
PER1018,2024,2023,FALSE,2023,2099,-168.8750776248467,2377.2935289876164,1000
PER1018,2024,2023,TRUE,2023,2099,-32.516710998011284,4908.187049254481,1000
PER1021,2024,2023,FALSE,2023,2099,-571.4976267947584,20842.7833364692,76
PER1021,2024,2023,TRUE,2023,2099,0,0,76
PER1023,2024,2022,FALSE,2022,2024,-4467.074963322287,164956.18959527276,667
PER1023,2024,2022,TRUE,2022,2024,-522.5917308998966,25287.960059157478,667
PER1023,2024,2023,FALSE,2022,2024,0,0,667
PER1023,2024,2023,TRUE,2022,2024,-566.2506346924195,38889.936422001716,667
PER1026,2024,2022,FALSE,2022,2099,-77.5780374209086,10832.992848252228,12
PER1026,2024,2022,TRUE,2022,2099,0,0,12
PER1026,2024,2023,FALSE,2022,2099,0,0,12
PER1026,2024,2023,TRUE,2022,2099,-80.02788790067036,11036.841653255426,12
PER1029,2024,2023,FALSE,2023,2099,0,0,4
PER1029,2024,2023,TRUE,2023,2099,0,0,4
PER1037,2024,2023,FALSE,2023,2024,0,0,1000
PER1037,2024,2023,TRUE,2023,2024,-3240.7133951960136,90617.14210788571,1000
PER1038,2024,2023,FALSE,2023,2024,0,0,54
PER1038,2024,2023,TRUE,2023,2024,-344.1956770258596,2967.163581326623,54
PER1039,2024,2023,FALSE,2023,2024,-3.4212940818858595,902.3006603773584,31
PER1039,2024,2023,TRUE,2023,2024,0,0,31
PER1040,2024,2022,FALSE,2022,2099,-2963.0320459137924,149775.49996881367,948
PER1040,2024,2022,TRUE,2022,2099,-2983.196972224922,104603.53011058285,948
PER1040,2024,2023,FALSE,2022,2099,-1096.9032880589295,82765.5305384069,948
PER1040,2024,2023,TRUE,2022,2099,-863.7745814811288,27192.339793377934,948
PER1041,2024,2022,FALSE,2022,2099,-1954.4001721688342,76833.48864711169,1414
PER1041,2024,2022,TRUE,2022,2099,-304.91320077094866,15189.732908749862,1414
PER1041,2024,2023,FALSE,2022,2099,-374.97616406411055,25451.99467125356,1414
PER1041,2024,2023,TRUE,2022,2099,-323.6606832393662,17943.89456116089,1414
PER1043,2024,2023,FALSE,2023,2024,-1660.1902058262979,235120.49152166062,150
PER1043,2024,2023,TRUE,2023,2024,0,0,150
PER1044,2024,2023,FALSE,2023,2024,0,0,75
PER1044,2024,2023,TRUE,2023,2024,0,0,75
PER1045,2024,2023,FALSE,2023,2024,-9.518671475923979,3353.062564102564,39
PER1045,2024,2023,TRUE,2023,2024,0,0,39
PER1050,2024,2023,FALSE,2023,2099,0,0,18
PER1050,2024,2023,TRUE,2023,2099,-108.94673776626587,2484.59,18
PER1063,2024,2023,FALSE,2023,2099,0,0,5
PER1063,2024,2023,TRUE,2023,2099,0,0,5
PHL1106,2024,2021,FALSE,2021,2099,-916.740029433678,58945.542080394574,377
PHL1106,2024,2021,TRUE,2021,2099,-366.1871057132195,43478.114757420786,377
PHL1106,2024,2022,FALSE,2021,2099,0,0,377
PHL1106,2024,2022,TRUE,2021,2099,0,0,377
PHL1106,2024,2023,FALSE,2021,2099,-604.5112519428649,19478.876503170573,377
PHL1106,2024,2023,TRUE,2021,2099,-186.65794915166396,16095.738628754605,377
PHL1109,2024,2021,FALSE,2021,2099,0,0,14
PHL1109,2024,2021,TRUE,2021,2099,0,0,14
PHL1109,2024,2022,FALSE,2021,2099,0,0,14
PHL1109,2024,2022,TRUE,2021,2099,0,0,14
PHL1109,2024,2023,FALSE,2021,2099,0,0,14
PHL1109,2024,2023,TRUE,2021,2099,0,0,14
PHL1110,2024,2021,FALSE,2021,2099,0,0,14
PHL1110,2024,2021,TRUE,2021,2099,0,0,14
PHL1110,2024,2022,FALSE,2021,2099,-36.0265763041585,436.32459302325583,14
PHL1110,2024,2022,TRUE,2021,2099,0,0,14
PHL1110,2024,2023,FALSE,2021,2099,-406.52576408829805,1644.6080813953488,14
PHL1110,2024,2023,TRUE,2021,2099,0,0,14
PHL1112,2024,2021,FALSE,2021,2099,0,0,21
PHL1112,2024,2021,TRUE,2021,2099,-33.596081018447876,855.11,21
PHL1112,2024,2022,FALSE,2021,2099,-65.35007214546204,104.595,21
PHL1112,2024,2022,TRUE,2021,2099,0,0,21
PHL1112,2024,2023,FALSE,2021,2099,-23.667510986328125,53.214999999999996,21
PHL1112,2024,2023,TRUE,2021,2099,0,0,21
PHL1113,2024,2021,FALSE,2021,2099,-10.61629581451416,106.42999999999999,8
PHL1113,2024,2021,TRUE,2021,2099,-13.606801986694336,111.935,8
PHL1113,2024,2022,FALSE,2021,2099,-1.9653255939483643,0,8
PHL1113,2024,2022,TRUE,2021,2099,0,0,8
PHL1113,2024,2023,FALSE,2021,2099,0,0,8
PHL1113,2024,2023,TRUE,2021,2099,0,0,8
PHL1114,2024,2021,FALSE,2021,2099,0,0,20
PHL1114,2024,2021,TRUE,2021,2099,0,0,20
PHL1114,2024,2022,FALSE,2021,2099,-79.39527940750122,1655.17,20
PHL1114,2024,2022,TRUE,2021,2099,0,0,20
PHL1114,2024,2023,FALSE,2021,2099,-34.34183311462402,53.214999999999996,20
PHL1114,2024,2023,TRUE,2021,2099,-26.878666877746582,264.24,20
PHL1124,2024,2021,FALSE,2021,2099,-58.47267150878906,675.28,6
PHL1124,2024,2021,TRUE,2021,2099,0,0,6
PHL1124,2024,2022,FALSE,2021,2099,0,0,6
PHL1124,2024,2022,TRUE,2021,2099,0,0,6
PHL1124,2024,2023,FALSE,2021,2099,0,0,6
PHL1124,2024,2023,TRUE,2021,2099,0,0,6
PHL1133,2024,2021,FALSE,2021,2099,0,0,7
PHL1133,2024,2021,TRUE,2021,2099,-13.606801986694336,111.935,7
PHL1133,2024,2022,FALSE,2021,2099,-1.9653255939483643,0,7
PHL1133,2024,2022,TRUE,2021,2099,0,0,7
PHL1133,2024,2023,FALSE,2021,2099,0,0,7
PHL1133,2024,2023,TRUE,2021,2099,0,0,7
PHL1136,2024,2021,FALSE,2021,2099,-58.47267150878906,675.28,6
PHL1136,2024,2021,TRUE,2021,2099,0,0,6
PHL1136,2024,2022,FALSE,2021,2099,0,0,6
PHL1136,2024,2022,TRUE,2021,2099,0,0,6
PHL1136,2024,2023,FALSE,2021,2099,0,0,6
PHL1136,2024,2023,TRUE,2021,2099,-16.499077796936035,264.24,6
PHL1140,2024,2021,FALSE,2021,2099,0,0,9
PHL1140,2024,2021,TRUE,2021,2099,-74.90924263000488,3941.911242259979,9
PHL1140,2024,2022,FALSE,2021,2099,-104.1350622177124,3536.0449999999996,9
PHL1140,2024,2022,TRUE,2021,2099,-10.16602087020874,2482.274154046103,9
PHL1140,2024,2023,FALSE,2021,2099,0,0,9
PHL1140,2024,2023,TRUE,2021,2099,0,0,9
PHL1142,2024,2021,FALSE,2021,2099,0,0,8
PHL1142,2024,2021,TRUE,2021,2099,-90.99999618530273,6785.704340576535,8
PHL1142,2024,2022,FALSE,2021,2099,-11.945075035095215,875.295,8
PHL1142,2024,2022,TRUE,2021,2099,0,0,8
PHL1142,2024,2023,FALSE,2021,2099,0,0,8
PHL1142,2024,2023,TRUE,2021,2099,-11.309698104858398,453.9380045615153,8
PHL1143,2024,2021,FALSE,2021,2099,-75.11141419410706,607.5779800614646,20
PHL1143,2024,2021,TRUE,2021,2099,0,0,20
PHL1143,2024,2022,FALSE,2021,2099,-91.44389605522156,2683.560543440597,20
PHL1143,2024,2022,TRUE,2021,2099,0,0,20
PHL1143,2024,2023,FALSE,2021,2099,0,0,20
PHL1143,2024,2023,TRUE,2021,2099,0,0,20
PHL1146,2024,2021,FALSE,2021,2099,0,0,12
PHL1146,2024,2021,TRUE,2021,2099,-65.854278564453125,0,12
PHL1146,2024,2022,FALSE,2021,2099,-2.6477303504943848,596.375,12
PHL1146,2024,2022,TRUE,2021,2099,0,0,12
PHL1146,2024,2023,FALSE,2021,2099,-23.667510986328125,53.214999999999996,12
PHL1146,2024,2023,TRUE,2021,2099,-37.2038369178772,245.89000000000001,12
PHL1147,2024,2021,FALSE,2021,2099,0,0,7
PHL1147,2024,2021,TRUE,2021,2099,0,0,7
PHL1147,2024,2022,FALSE,2021,2099,-3.52120840549469,368.835,7
PHL1147,2024,2022,TRUE,2021,2099,0,0,7
PHL1147,2024,2023,FALSE,2021,2099,0,0,7
PHL1147,2024,2023,TRUE,2021,2099,0,0,7
PHL1148,2024,2021,FALSE,2021,2099,-61.95318818092346,157.0194565594029,22
PHL1148,2024,2021,TRUE,2021,2099,0,0,22
PHL1148,2024,2022,FALSE,2021,2099,-79.73719811439514,848.560543440597,22
PHL1148,2024,2022,TRUE,2021,2099,0,0,22
PHL1148,2024,2023,FALSE,2021,2099,-58.47267150878906,3.67,22
PHL1148,2024,2023,TRUE,2021,2099,-70.47161960601807,31.195,22
PHL1150,2024,2021,FALSE,2021,2099,-61.95318818092346,157.0194565594029,14
PHL1150,2024,2021,TRUE,2021,2099,-193.56496691703796,1860.5350552572163,14
PHL1150,2024,2022,FALSE,2021,2099,-242.37518095970154,808.1905434405971,14
PHL1150,2024,2022,TRUE,2021,2099,-137.32821464538574,758.961464815539,14
PHL1150,2024,2023,FALSE,2021,2099,0,0,14
PHL1150,2024,2023,TRUE,2021,2099,-118.95849967002869,2228.5734799272445,14
PHL1151,2024,2021,FALSE,2021,2099,0,0,7
PHL1151,2024,2021,TRUE,2021,2099,-198.356543302536,2177.8798594009904,7
PHL1151,2024,2022,FALSE,2021,2099,-1.9653255939483643,0,7
PHL1151,2024,2022,TRUE,2021,2099,-19.187061309814453,246.1551405990094,7
PHL1151,2024,2023,FALSE,2021,2099,0,0,7
PHL1151,2024,2023,TRUE,2021,2099,0,0,7
PHL1154,2024,2021,FALSE,2021,2099,0,0,13
PHL1154,2024,2021,TRUE,2021,2099,-181.2192256450653,1945.9175973969561,13
PHL1154,2024,2022,FALSE,2021,2099,-182.7986545562744,801.895,13
PHL1154,2024,2022,TRUE,2021,2099,-269.0549306869507,4125.005729641937,13
PHL1154,2024,2023,FALSE,2021,2099,0,0,13
PHL1154,2024,2023,TRUE,2021,2099,-16.090755224227905,733.256672961106,13
PHL1155,2024,2021,FALSE,2021,2099,-10.61629581451416,106.42999999999999,7
PHL1155,2024,2021,TRUE,2021,2099,-13.820947408676147,150.47,7
PHL1155,2024,2022,FALSE,2021,2099,-81.10905456542969,370.67,7
PHL1155,2024,2022,TRUE,2021,2099,-13.905852317810059,100.925,7
PHL1155,2024,2023,FALSE,2021,2099,0,0,7
PHL1155,2024,2023,TRUE,2021,2099,0,0,7
PHL1156,2024,2021,FALSE,2021,2099,-61.95318818092346,157.0194565594029,16
PHL1156,2024,2021,TRUE,2021,2099,-7.625790119171143,220.2,16
PHL1156,2024,2022,FALSE,2021,2099,-57.476110219955444,1342.175543440597,16
PHL1156,2024,2022,TRUE,2021,2099,-8.490429997444153,451.40999999999997,16
PHL1156,2024,2023,FALSE,2021,2099,-1.201032280921936,398.195,16
PHL1156,2024,2023,TRUE,2021,2099,-50.81553649902344,31.195,16
PHL1163,2024,2021,FALSE,2021,2099,-10.61629581451416,106.42999999999999,6
PHL1163,2024,2021,TRUE,2021,2099,0,0,6
PHL1163,2024,2022,FALSE,2021,2099,0,0,6
PHL1163,2024,2022,TRUE,2021,2099,0,0,6
PHL1163,2024,2023,FALSE,2021,2099,-23.667510986328125,53.214999999999996,6
PHL1163,2024,2023,TRUE,2021,2099,0,0,6
PHL1164,2024,2021,FALSE,2021,2099,-13.158226013183594,450.5585235020617,29
PHL1164,2024,2021,TRUE,2021,2099,-79.43614768981934,5511.883098316556,29
PHL1164,2024,2022,FALSE,2021,2099,-293.9784691333771,12206.42,29
PHL1164,2024,2022,TRUE,2021,2099,-80.00000047683716,9393.91287700837,29
PHL1164,2024,2023,FALSE,2021,2099,0,0,29
PHL1164,2024,2023,TRUE,2021,2099,-89.00000047683716,1362.2630045615153,29
PHL1167,2024,2021,FALSE,2021,2099,0,0,16
PHL1167,2024,2021,TRUE,2021,2099,-177.92784523963928,994.57,16
PHL1167,2024,2022,FALSE,2021,2099,-27.08408546447754,185.335,16
PHL1167,2024,2022,TRUE,2021,2099,0,0,16
PHL1167,2024,2023,FALSE,2021,2099,0,0,16
PHL1167,2024,2023,TRUE,2021,2099,-13.73905897140503,23.855,16
PHL1171,2024,2021,FALSE,2021,2099,-10.61629581451416,106.42999999999999,8
PHL1171,2024,2021,TRUE,2021,2099,0,0,8
PHL1171,2024,2022,FALSE,2021,2099,-1.9653255939483643,0,8
PHL1171,2024,2022,TRUE,2021,2099,0,0,8
PHL1171,2024,2023,FALSE,2021,2099,0,0,8
PHL1171,2024,2023,TRUE,2021,2099,0,0,8
PHL1175,2024,2021,FALSE,2021,2099,0,0,3
PHL1175,2024,2021,TRUE,2021,2099,0,0,3
PHL1175,2024,2022,FALSE,2021,2099,-73.81720733642578,917.5,3
PHL1175,2024,2022,TRUE,2021,2099,0,0,3
PHL1175,2024,2023,FALSE,2021,2099,0,0,3
PHL1175,2024,2023,TRUE,2021,2099,0,0,3
PHL1178,2024,2021,FALSE,2021,2099,0,0,4
PHL1178,2024,2021,TRUE,2021,2099,0,0,4
PHL1178,2024,2022,FALSE,2021,2099,-73.81720733642578,917.5,4
PHL1178,2024,2022,TRUE,2021,2099,-85.9741153717041,2165.3,4
PHL1178,2024,2023,FALSE,2021,2099,0,0,4
PHL1178,2024,2023,TRUE,2021,2099,0,0,4
PHL1187,2024,2021,FALSE,2021,2099,0,0,5
PHL1187,2024,2021,TRUE,2021,2099,0,0,5
PHL1187,2024,2022,FALSE,2021,2099,-54.813848876953124,1600.854,5
PHL1187,2024,2022,TRUE,2021,2099,0,0,5
PHL1187,2024,2023,FALSE,2021,2099,-28.40101318359375,63.85799999999999,5
PHL1187,2024,2023,TRUE,2021,2099,-33.48689002990722,1812.2459999999999,5
PHL1193,2024,2021,FALSE,2021,2099,0,0,7
PHL1193,2024,2021,TRUE,2021,2099,0,0,7
PHL1193,2024,2022,FALSE,2021,2099,-230.43133544921875,4429.165714285714,7
PHL1193,2024,2022,TRUE,2021,2099,-52.18736267089844,172.78318980442543,7
PHL1193,2024,2023,FALSE,2021,2099,-27.048583984375,60.81714285714285,7
PHL1193,2024,2023,TRUE,2021,2099,-99.42856952122278,3541.2568101955744,7
PHL1195,2024,2021,FALSE,2021,2099,-71.46660433875189,1690.8407489552944,9
PHL1195,2024,2021,TRUE,2021,2099,0,0,9
PHL1195,2024,2022,FALSE,2021,2099,-123.04155646430121,3263.2416666666663,9
PHL1195,2024,2022,TRUE,2021,2099,-10.051422648959688,832.0705555555554,9
PHL1195,2024,2023,FALSE,2021,2099,-12.427213139004177,294.01758437803875,9
PHL1195,2024,2023,TRUE,2021,2099,0,0,9
PHL1223,2024,2003,FALSE,2003,2099,-1331.2058090806006,16105.961128893727,1000
PHL1223,2024,2003,TRUE,2003,2099,-1374.5559123859405,15682.618466703658,1000
PHL1223,2024,2004,FALSE,2003,2099,-2202.813546221733,41996.95095934893,1000
PHL1223,2024,2004,TRUE,2003,2099,-982.9602132940291,16794.46732281756,1000
PHL1223,2024,2005,FALSE,2003,2099,-2115.1873302278514,18554.394206467892,1000
PHL1223,2024,2005,TRUE,2003,2099,-1805.6219681339262,18059.693218232078,1000
PHL1223,2024,2006,FALSE,2003,2099,-1337.0402056856153,17389.756027115523,1000
PHL1223,2024,2006,TRUE,2003,2099,-2899.1216233983037,35854.47903889072,1000
PHL1223,2024,2007,FALSE,2003,2099,-4050.8208068137164,29334.15948790931,1000
PHL1223,2024,2007,TRUE,2003,2099,-2140.991963344574,22571.692419305193,1000
PHL1223,2024,2008,FALSE,2003,2099,-1151.4225167217253,17154.663598920783,1000
PHL1223,2024,2008,TRUE,2003,2099,-3431.0971207103726,49422.240494994934,1000
PHL1223,2024,2009,FALSE,2003,2099,-1727.2344054622647,26851.698988835742,1000
PHL1223,2024,2009,TRUE,2003,2099,-1815.0659070141312,26546.508167930337,1000
PHL1223,2024,2010,FALSE,2003,2099,-5050.181717436313,41013.070065391585,1000
PHL1223,2024,2010,TRUE,2003,2099,-4443.723914761066,30761.49802062316,1000
PHL1223,2024,2011,FALSE,2003,2099,-1316.9054486012458,32718.470837705925,1000
PHL1223,2024,2011,TRUE,2003,2099,-541.3612437381744,13722.519872711964,1000
PHL1223,2024,2012,FALSE,2003,2099,-3468.267519608855,93431.22927462636,1000
PHL1223,2024,2012,TRUE,2003,2099,-3460.079361740827,86338.01334006622,1000
PHL1223,2024,2013,FALSE,2003,2099,-2890.102961383581,74345.8060995463,1000
PHL1223,2024,2013,TRUE,2003,2099,-4186.218395460128,91880.14452886934,1000
PHL1223,2024,2014,FALSE,2003,2099,-6416.760951086401,58348.63528947691,1000
PHL1223,2024,2014,TRUE,2003,2099,-7501.28483056259,94717.7751176968,1000
PHL1223,2024,2015,FALSE,2003,2099,-5480.924061596631,19650.192589242146,1000
PHL1223,2024,2015,TRUE,2003,2099,-7214.086613992809,56827.741957709804,1000
PHL1223,2024,2016,FALSE,2003,2099,-17988.058386893987,90143.94623504499,1000
PHL1223,2024,2016,TRUE,2003,2099,-17862.98207134008,153605.72914438983,1000
PHL1223,2024,2017,FALSE,2003,2099,-8007.045351571678,39002.465072456274,1000
PHL1223,2024,2017,TRUE,2003,2099,-10445.08391811776,113915.07812862465,1000
PHL1223,2024,2018,FALSE,2003,2099,-4635.87094256699,42720.172201769536,1000
PHL1223,2024,2018,TRUE,2003,2099,-6116.8923800266975,65411.76770301918,1000
PHL1223,2024,2019,FALSE,2003,2099,-3849.544411179542,14292.917166000465,1000
PHL1223,2024,2019,TRUE,2003,2099,-13628.633844032405,136585.68259151687,1000
PHL1223,2024,2020,FALSE,2003,2099,-4408.196757564067,18309.911901765558,1000
PHL1223,2024,2020,TRUE,2003,2099,-3508.184599183082,31553.339150861902,1000
PHL1223,2024,2021,FALSE,2003,2099,-1451.1388717179295,22985.52300590862,1000
PHL1223,2024,2021,TRUE,2003,2099,-5346.825397176742,76261.57689318714,1000
PHL1223,2024,2022,FALSE,2003,2099,-14117.684030490993,179948.8623461078,1000
PHL1223,2024,2022,TRUE,2003,2099,-6105.035100703,78957.84604132945,1000
PHL1223,2024,2023,FALSE,2003,2099,-1028.885940477848,13238.21705443072,1000
PHL1223,2024,2023,TRUE,2003,2099,-3200.67219848752,35969.09872136715,1000
PHL1224,2024,2021,FALSE,2021,2099,-161.75167751312256,3244.28,85
PHL1224,2024,2021,TRUE,2021,2099,-347.229859828949,12556.10970229122,85
PHL1224,2024,2022,FALSE,2021,2099,-1115.2999308109283,26000.91354592807,85
PHL1224,2024,2022,TRUE,2021,2099,-597.5932295322418,9153.689293648273,85
PHL1224,2024,2023,FALSE,2021,2099,-87.35867667198181,2095.57,85
PHL1224,2024,2023,TRUE,2021,2099,-410.22468161582947,6784.081004060507,85
PHL1225,2024,2021,FALSE,2021,2099,-154.43595337867737,309.3244565594029,71
PHL1225,2024,2021,TRUE,2021,2099,-93.14571857452393,2121.6389323289523,71
PHL1225,2024,2022,FALSE,2021,2099,-2312.2303564548492,28736.51127617278,71
PHL1225,2024,2022,TRUE,2021,2099,-187.140096783638,6336.1652449508,71
PHL1225,2024,2023,FALSE,2021,2099,-78.24367117881775,1459.2042672678158,71
PHL1225,2024,2023,TRUE,2021,2099,-244.70394372940063,5270.377123502259,71
PHL1226,2024,2021,FALSE,2021,2099,-364.2033533597567,16210.063560652425,166
PHL1226,2024,2021,TRUE,2021,2099,-453.0401809804411,23793.267070620233,166
PHL1226,2024,2022,FALSE,2021,2099,-876.2437759594745,25808.410655855172,166
PHL1226,2024,2022,TRUE,2021,2099,-644.7185011764607,27014.824006897707,166
PHL1226,2024,2023,FALSE,2021,2099,-58.83579881650856,2260.386673715693,166
PHL1226,2024,2023,TRUE,2021,2099,0,0,166
PHL1227,2024,2021,FALSE,2021,2099,0,0,6
PHL1227,2024,2021,TRUE,2021,2099,0,0,6
PHL1227,2024,2022,FALSE,2021,2099,-10.466771125793457,1022.095,6
PHL1227,2024,2022,TRUE,2021,2099,0,0,6
PHL1227,2024,2023,FALSE,2021,2099,-4.784809589385986,411.03999999999996,6
PHL1227,2024,2023,TRUE,2021,2099,0,0,6
PHL1228,2024,2021,FALSE,2021,2099,-361.45126724243164,7669.794940713183,174
PHL1228,2024,2021,TRUE,2021,2099,-1000.8140532970428,24268.744759921956,174
PHL1228,2024,2022,FALSE,2021,2099,-1874.377147436142,29591.474600200185,174
PHL1228,2024,2022,TRUE,2021,2099,-1123.0000066757202,11352.626047278183,174
PHL1228,2024,2023,FALSE,2021,2099,-43.06631016731262,2305.0108785895627,174
PHL1228,2024,2023,TRUE,2021,2099,-149.9999965429306,1730.054192799862,174
PHL1229,2024,2021,FALSE,2021,2099,-6.1849096471613105,256.4400132927608,9
PHL1229,2024,2021,TRUE,2021,2099,0,0,9
PHL1229,2024,2022,FALSE,2021,2099,-53.98333601518111,1576.5986363636366,9
PHL1229,2024,2022,TRUE,2021,2099,0,0,9
PHL1229,2024,2023,FALSE,2021,2099,-11.127690488641912,461.37862307087556,9
PHL1229,2024,2023,TRUE,2021,2099,0,0,9
PHL1230,2024,2021,FALSE,2021,2099,-112.95519065856934,1562.6294565594028,40
PHL1230,2024,2021,TRUE,2021,2099,-32.181509017944336,464.28267468850845,40
PHL1230,2024,2022,FALSE,2021,2099,-372.0095570087433,4623.155543440597,40
PHL1230,2024,2022,TRUE,2021,2099,-372.16977977752686,10077.681671893528,40
PHL1230,2024,2023,FALSE,2021,2099,-75.732421875,1401.94,40
PHL1230,2024,2023,TRUE,2021,2099,-176.00000405311584,5044.525653417964,40
PHL1231,2024,2021,FALSE,2021,2099,-618.8469064235687,15456.095308125086,236
PHL1231,2024,2021,TRUE,2021,2099,-504.9584904909134,21374.1571560394,236
PHL1231,2024,2022,FALSE,2021,2099,-5468.970872879028,76650.9999656648,236
PHL1231,2024,2022,TRUE,2021,2099,-787.3371288776398,17632.661276943487,236
PHL1231,2024,2023,FALSE,2021,2099,-325.155468583107,6018.978600568439,236
PHL1231,2024,2023,TRUE,2021,2099,-1060.705525279045,28472.797198702203,236
PHL1232,2024,2021,FALSE,2021,2099,-121.01828622817993,809.2299123392476,83
PHL1232,2024,2021,TRUE,2021,2099,-248.99999809265137,5989.606820057628,83
PHL1232,2024,2022,FALSE,2021,2099,-2057.22261095047,29975.122647930013,83
PHL1232,2024,2022,TRUE,2021,2099,-480.00000607967377,13299.420054647811,83
PHL1232,2024,2023,FALSE,2021,2099,-154.10316705703735,4996.929837156687,83
PHL1232,2024,2023,TRUE,2021,2099,-239.87942123413086,7133.752372504075,83
PHL1233,2024,2021,FALSE,2021,2099,-334.96052986932426,9155.130677252302,152
PHL1233,2024,2021,TRUE,2021,2099,-294.1234044934574,9169.75791785484,152
PHL1233,2024,2022,FALSE,2021,2099,-1470.0511181934883,46609.178514139196,152
PHL1233,2024,2022,TRUE,2021,2099,-254.9233665121229,8929.012785071516,152
PHL1233,2024,2023,FALSE,2021,2099,-124.30723660243184,2030.7010626570452,152
PHL1233,2024,2023,TRUE,2021,2099,-125.488217071483,4512.521416796381,152
PHL1234,2024,2021,FALSE,2021,2099,-686.1407350113044,13817.512383514122,398
PHL1234,2024,2021,TRUE,2021,2099,-1369.4286986337834,34320.2773503445,398
PHL1234,2024,2022,FALSE,2021,2099,-3079.6691475091266,46678.40126367133,398
PHL1234,2024,2022,TRUE,2021,2099,-1599.3186932173205,46317.80064495941,398
PHL1234,2024,2023,FALSE,2021,2099,-429.86352458191874,7842.667180403512,398
PHL1234,2024,2023,TRUE,2021,2099,-1015.9880155947939,17682.028827681097,398
PHL1235,2024,2021,FALSE,2021,2099,-90.03059466131803,935.4703448275864,87
PHL1235,2024,2021,TRUE,2021,2099,-137.89372417844575,6166.16611013261,87
PHL1235,2024,2022,FALSE,2021,2099,-876.1765457241015,15902.850676336811,87
PHL1235,2024,2022,TRUE,2021,2099,-254.21307715054218,7298.153563218391,87
PHL1235,2024,2023,FALSE,2021,2099,-223.95390442596087,2177.3410478011215,87
PHL1235,2024,2023,TRUE,2021,2099,0,0,87
PHL1236,2024,2021,FALSE,2021,2099,-614.8665045445965,19246.770769007027,310
PHL1236,2024,2021,TRUE,2021,2099,-940.1206120044953,13807.653125102966,310
PHL1236,2024,2022,FALSE,2021,2099,-2646.278450632095,46772.54395193432,310
PHL1236,2024,2022,TRUE,2021,2099,-816.1922771869167,22029.71164058649,310
PHL1236,2024,2023,FALSE,2021,2099,-122.04237753960393,5275.7291942135735,310
PHL1236,2024,2023,TRUE,2021,2099,-652.1703394120739,10051.273718821083,310
PHL1237,2024,2021,FALSE,2021,2099,-357.72296233434935,15186.321374539042,111
PHL1237,2024,2021,TRUE,2021,2099,-382.49993806271937,15912.35565483988,111
PHL1237,2024,2022,FALSE,2021,2099,-465.82236443339167,23890.61615794116,111
PHL1237,2024,2022,TRUE,2021,2099,-244.93138226947266,16618.296477607637,111
PHL1237,2024,2023,FALSE,2021,2099,-97.24720708743945,2696.178757970489,111
PHL1237,2024,2023,TRUE,2021,2099,-187.94594937401848,5050.462014610451,111
PHL1238,2024,2021,FALSE,2021,2099,-113.89719319343567,782.7544565594028,65
PHL1238,2024,2021,TRUE,2021,2099,-91.99999904632568,177.995,65
PHL1238,2024,2022,FALSE,2021,2099,-1187.7428984642029,8862.005543440597,65
PHL1238,2024,2022,TRUE,2021,2099,-436.4020631313324,4248.025,65
PHL1238,2024,2023,FALSE,2021,2099,-75.732421875,1401.94,65
PHL1238,2024,2023,TRUE,2021,2099,-37.20765686035156,225.70499999999998,65
PHL1239,2024,2021,FALSE,2021,2099,-382.00052881240845,11108.65144984114,175
PHL1239,2024,2021,TRUE,2021,2099,-324.04149866104126,12426.330753477749,175
PHL1239,2024,2022,FALSE,2021,2099,-1716.6709570884705,26440.101018757203,175
PHL1239,2024,2022,TRUE,2021,2099,-1000.9172377586365,46092.13206545635,175
PHL1239,2024,2023,FALSE,2021,2099,-96.71089029312134,2774.8566880220665,175
PHL1239,2024,2023,TRUE,2021,2099,-55.00000011920929,832.7417970256246,175
PHL1240,2024,2021,FALSE,2021,2099,-495.260790348053,28707.076920206317,212
PHL1240,2024,2021,TRUE,2021,2099,-846.541738986969,38207.52328739589,212
PHL1240,2024,2022,FALSE,2021,2099,-1390.7459652423859,51508.8514743948,212
PHL1240,2024,2022,TRUE,2021,2099,-832.2181723117828,43255.062308570974,212
PHL1240,2024,2023,FALSE,2021,2099,-96.29099345207214,9226.237105889852,212
PHL1240,2024,2023,TRUE,2021,2099,-710.6357898712158,24143.592540439928,212
PHL1242,2024,2023,FALSE,2023,2099,0,0,8
PHL1242,2024,2023,TRUE,2023,2099,0,0,8
PHL1243,2024,2023,FALSE,2023,2099,0,0,7
PHL1243,2024,2023,TRUE,2023,2099,0,0,7
SUR1001,2024,2015,FALSE,2015,2099,0,0,1
SUR1001,2024,2015,TRUE,2015,2099,0,0,1
SUR1001,2024,2016,FALSE,2015,2099,0,0,1
SUR1001,2024,2016,TRUE,2015,2099,0,0,1
SUR1001,2024,2017,FALSE,2015,2099,-5962.579364776611,8012087.1,1
SUR1001,2024,2017,TRUE,2015,2099,0,0,1
SUR1001,2024,2018,FALSE,2015,2099,0,0,1
SUR1001,2024,2018,TRUE,2015,2099,0,0,1
SUR1001,2024,2019,FALSE,2015,2099,0,0,1
SUR1001,2024,2019,TRUE,2015,2099,0,0,1
SUR1001,2024,2020,FALSE,2015,2099,0,0,1
SUR1001,2024,2020,TRUE,2015,2099,0,0,1
SUR1001,2024,2021,FALSE,2015,2099,0,0,1
SUR1001,2024,2021,TRUE,2015,2099,0,0,1
SUR1001,2024,2022,FALSE,2015,2099,0,0,1
SUR1001,2024,2022,TRUE,2015,2099,0,0,1
SUR1001,2024,2023,FALSE,2015,2099,0,0,1
SUR1001,2024,2023,TRUE,2015,2099,0,0,1
SUR1004,2024,2022,FALSE,2022,2099,0,0,3
SUR1004,2024,2022,TRUE,2022,2099,0,0,3
SUR1004,2024,2023,FALSE,2022,2099,0,0,3
SUR1004,2024,2023,TRUE,2022,2099,0,0,3
TLS1038,2024,2019,FALSE,2019,2024,0,0,1
TLS1038,2024,2019,TRUE,2019,2024,0,0,1
TLS1038,2024,2020,FALSE,2019,2024,0,0,1
TLS1038,2024,2020,TRUE,2019,2024,0,0,1
TLS1038,2024,2021,FALSE,2019,2024,0,0,1
TLS1038,2024,2021,TRUE,2019,2024,0,0,1
TLS1038,2024,2022,FALSE,2019,2024,0,0,1
TLS1038,2024,2022,TRUE,2019,2024,0,0,1
TLS1038,2024,2023,FALSE,2019,2024,0,0,1
TLS1038,2024,2023,TRUE,2019,2024,0,0,1
TLS1040,2024,2013,FALSE,2013,2024,0,0,1
TLS1040,2024,2013,TRUE,2013,2024,0,0,1
TLS1040,2024,2014,FALSE,2013,2024,0,0,1
TLS1040,2024,2014,TRUE,2013,2024,0,0,1
TLS1040,2024,2015,FALSE,2013,2024,0,0,1
TLS1040,2024,2015,TRUE,2013,2024,0,0,1
TLS1040,2024,2016,FALSE,2013,2024,0,0,1
TLS1040,2024,2016,TRUE,2013,2024,0,0,1
TLS1040,2024,2017,FALSE,2013,2024,0,0,1
TLS1040,2024,2017,TRUE,2013,2024,0,0,1
TLS1040,2024,2018,FALSE,2013,2024,0,0,1
TLS1040,2024,2018,TRUE,2013,2024,0,0,1
TLS1040,2024,2019,FALSE,2013,2024,0,0,1
TLS1040,2024,2019,TRUE,2013,2024,0,0,1
TLS1040,2024,2020,FALSE,2013,2024,0,0,1
TLS1040,2024,2020,TRUE,2013,2024,0,0,1
TLS1040,2024,2021,FALSE,2013,2024,0,0,1
TLS1040,2024,2021,TRUE,2013,2024,0,0,1
TLS1040,2024,2022,FALSE,2013,2024,0,0,1
TLS1040,2024,2022,TRUE,2013,2024,0,0,1
TLS1040,2024,2023,FALSE,2013,2024,0,0,1
TLS1040,2024,2023,TRUE,2013,2024,0,0,1
TLS1041,2024,2019,FALSE,2019,2024,0,0,1
TLS1041,2024,2019,TRUE,2019,2024,0,0,1
TLS1041,2024,2020,FALSE,2019,2024,0,0,1
TLS1041,2024,2020,TRUE,2019,2024,0,0,1
TLS1041,2024,2021,FALSE,2019,2024,0,0,1
TLS1041,2024,2021,TRUE,2019,2024,0,0,1
TLS1041,2024,2022,FALSE,2019,2024,0,0,1
TLS1041,2024,2022,TRUE,2019,2024,0,0,1
TLS1041,2024,2023,FALSE,2019,2024,0,0,1
TLS1041,2024,2023,TRUE,2019,2024,0,0,1
TLS1050,2024,2018,FALSE,2018,2099,0,0,9
TLS1050,2024,2018,TRUE,2018,2099,0,0,9
TLS1050,2024,2019,FALSE,2018,2099,0,0,9
TLS1050,2024,2019,TRUE,2018,2099,0,0,9
TLS1050,2024,2020,FALSE,2018,2099,-613.1124973297119,20873.125000000004,9
TLS1050,2024,2020,TRUE,2018,2099,0,0,9
TLS1050,2024,2021,FALSE,2018,2099,0,0,9
TLS1050,2024,2021,TRUE,2018,2099,0,0,9
TLS1050,2024,2022,FALSE,2018,2099,0,0,9
TLS1050,2024,2022,TRUE,2018,2099,0,0,9
TLS1050,2024,2023,FALSE,2018,2099,-11.60088082154592,6422.5,9
TLS1050,2024,2023,TRUE,2018,2099,-413.39912414550787,11132.333333333336,9
TLS1059,2024,2023,FALSE,2023,2023,0,0,7
TLS1059,2024,2023,TRUE,2023,2023,-83.88369131088257,4703.1050000000005,7
TLS1060,2024,2020,FALSE,2020,2023,-524.5258563186811,16088.436731558313,92
TLS1060,2024,2020,TRUE,2020,2023,-189.2185718909554,3334.6796789415075,92
TLS1060,2024,2021,FALSE,2020,2023,-318.11481704919237,12380.383145428366,92
TLS1060,2024,2021,TRUE,2020,2023,0,0,92
TLS1060,2024,2022,FALSE,2020,2023,0,0,92
TLS1060,2024,2022,TRUE,2020,2023,0,0,92
TLS1060,2024,2023,FALSE,2020,2023,-264.2328849007254,10728.048260869566,92
TLS1060,2024,2023,TRUE,2020,2023,-635.4867442613063,50493.389831928056,92
